id,split,confidence_original,confidence_scaled,correct
"optdigits.tes:0001","test","0.9946122868770995","0.9995318654758902","true"
"optdigits.tes:0002","test","0.9980590766316723","0.9998708477138527","true"
"optdigits.tes:0003","test","0.6219859446516806","0.7305980835539261","false"
"optdigits.tes:0004","test","0.9795117522984697","0.9966946847593661","true"
"optdigits.tes:0005","test","0.9968400723894257","0.9997326149008232","true"
"optdigits.tes:0006","test","0.6897982338650029","0.8222706905615725","false"
"optdigits.tes:0007","test","0.9302846619271373","0.9823153116372862","true"
"optdigits.tes:0008","test","0.9932645269100512","0.9992909482492778","true"
"optdigits.tes:0009","test","0.9967304061027324","0.9997882953236354","true"
"optdigits.tes:0010","test","0.972836825390464","0.9957779737719518","true"
"optdigits.tes:0011","test","0.9892499480253691","0.998918239567832","true"
"optdigits.tes:0012","test","0.9941505245306925","0.999481394403297","true"
"optdigits.tes:0013","test","0.9585127657922232","0.9906988580922611","true"
"optdigits.tes:0014","test","0.99717765503088","0.9997830561928114","true"
"optdigits.tes:0015","test","0.9866685115934214","0.9983020632648875","true"
"optdigits.tes:0016","test","0.9983764723756082","0.9999289728941213","true"
"optdigits.tes:0017","test","0.8934442038386506","0.9603378720443861","true"
"optdigits.tes:0018","test","0.9679837993754431","0.9950534767845051","true"
"optdigits.tes:0019","test","0.8519289546584897","0.9555346287612202","true"
"optdigits.tes:0020","test","0.3514630898674744","0.4039711434601907","true"
"optdigits.tes:0021","test","0.9976889801597658","0.9998676723248325","true"
"optdigits.tes:0022","test","0.9965533286497845","0.9997489462390591","true"
"optdigits.tes:0023","test","0.9973585747686046","0.9998342927062464","true"
"optdigits.tes:0024","test","0.9727946205526503","0.9945978986458198","true"
"optdigits.tes:0025","test","0.9762858828518731","0.9947977189345406","true"
"optdigits.tes:0026","test","0.9925317908507789","0.9994395091777489","true"
"optdigits.tes:0027","test","0.9424789486104729","0.9848410774567332","true"
"optdigits.tes:0028","test","0.5216375689041988","0.6357618378017958","true"
"optdigits.tes:0029","test","0.9854637778241263","0.9985274360363137","true"
"optdigits.tes:0030","test","0.4303131627529338","0.5130114681384157","true"
"optdigits.tes:0031","test","0.9960440407741116","0.9997033698988359","true"
"optdigits.tes:0032","test","0.8326729800339817","0.9310615475475322","true"
"optdigits.tes:0033","test","0.9979654765534286","0.9998724151223737","true"
"optdigits.tes:0034","test","0.9220404296199497","0.9799425368660218","true"
"optdigits.tes:0035","test","0.979472724370101","0.9965544031906791","true"
"optdigits.tes:0036","test","0.9872941230213943","0.9985986718092615","true"
"optdigits.tes:0037","test","0.9896002795085926","0.9987701124027962","true"
"optdigits.tes:0038","test","0.5993005905684082","0.7308259533299368","false"
"optdigits.tes:0039","test","0.6904767593303263","0.818902337293008","true"
"optdigits.tes:0040","test","0.9149068706078848","0.9745798409821699","true"
"optdigits.tes:0041","test","0.9880029561436299","0.9985618263777378","true"
"optdigits.tes:0042","test","0.9931487377078415","0.9993020004770528","true"
"optdigits.tes:0043","test","0.9558546123494339","0.9885189094195005","true"
"optdigits.tes:0044","test","0.8253250685308922","0.9269244610376851","true"
"optdigits.tes:0045","test","0.9976482388358634","0.9998286372632497","true"
"optdigits.tes:0046","test","0.9969905575940737","0.9997926731025909","true"
"optdigits.tes:0047","test","0.46430042190310483","0.5792554174356817","true"
"optdigits.tes:0048","test","0.9878140945665197","0.9983100015065144","true"
"optdigits.tes:0049","test","0.9864061755776833","0.9983316116093957","true"
"optdigits.tes:0050","test","0.9944013879059626","0.999513964090409","true"
"optdigits.tes:0051","test","0.8805137263556325","0.9544054550482071","true"
"optdigits.tes:0052","test","0.6790315501933808","0.8303726868416862","true"
"optdigits.tes:0053","test","0.9574543294049996","0.9899126698782873","true"
"optdigits.tes:0054","test","0.826082289599073","0.9413754383603128","true"
"optdigits.tes:0055","test","0.47706710642424066","0.6035608648854804","false"
"optdigits.tes:0056","test","0.9979017397888476","0.9998874850702502","true"
"optdigits.tes:0057","test","0.98885048598569","0.9984972813662842","true"
"optdigits.tes:0058","test","0.5693262767546817","0.6793318428163184","false"
"optdigits.tes:0059","test","0.9835690380833871","0.9973829816397924","true"
"optdigits.tes:0060","test","0.9838797569592981","0.9977495075677706","true"
"optdigits.tes:0061","test","0.9931620185388558","0.9991823494291776","true"
"optdigits.tes:0062","test","0.9853503263003704","0.9983472418065755","true"
"optdigits.tes:0063","test","0.9943961454417755","0.9994116458543647","true"
"optdigits.tes:0064","test","0.9946816760639403","0.9994330994021974","true"
"optdigits.tes:0065","test","0.9902884149785796","0.998785082111023","true"
"optdigits.tes:0066","test","0.9964729072878027","0.9997124224789448","true"
"optdigits.tes:0067","test","0.985128249634483","0.9978841463283187","true"
"optdigits.tes:0068","test","0.9940108053385301","0.9994805481637401","true"
"optdigits.tes:0069","test","0.9317565222291813","0.9772608737403193","true"
"optdigits.tes:0070","test","0.5192711066786657","0.6223998130935339","false"
"optdigits.tes:0071","test","0.9884247193270417","0.9981583461191564","true"
"optdigits.tes:0072","test","0.9896412970491227","0.9988781240265605","true"
"optdigits.tes:0073","test","0.9949511298775231","0.9995916342018637","true"
"optdigits.tes:0074","test","0.9472562256963845","0.9866158065723161","true"
"optdigits.tes:0075","test","0.897221082798888","0.9653253869267652","true"
"optdigits.tes:0076","test","0.5983603158348962","0.6954436511626597","true"
"optdigits.tes:0077","test","0.9790949553258721","0.9965516957365741","true"
"optdigits.tes:0078","test","0.6984892590012257","0.8276491617055773","false"
"optdigits.tes:0079","test","0.9770106353200851","0.9963655107964736","true"
"optdigits.tes:0080","test","0.9960929118010565","0.9996150841145779","true"
"optdigits.tes:0081","test","0.9974453225161487","0.999816657003805","true"
"optdigits.tes:0082","test","0.9934099275219582","0.9993684855193898","true"
"optdigits.tes:0083","test","0.9874665644314995","0.9984551079214097","true"
"optdigits.tes:0084","test","0.9470825910618336","0.9869739958305919","true"
"optdigits.tes:0085","test","0.9915804070215843","0.9990559549556786","true"
"optdigits.tes:0086","test","0.9641049198612158","0.9903260526049797","true"
"optdigits.tes:0087","test","0.9514299721284692","0.9904927580301462","true"
"optdigits.tes:0088","test","0.6388034927947297","0.7177685459844483","false"
"optdigits.tes:0089","test","0.9600519013635942","0.991516489608011","true"
"optdigits.tes:0090","test","0.9785119526406487","0.995837083233841","true"
"optdigits.tes:0091","test","0.960624921528458","0.9912741074819564","true"
"optdigits.tes:0092","test","0.9914846453241549","0.9990115708644859","true"
"optdigits.tes:0093","test","0.9347705453472404","0.9821535019948376","true"
"optdigits.tes:0094","test","0.9932894212011452","0.9990767886189967","true"
"optdigits.tes:0095","test","0.9967456594101629","0.9998124155938474","true"
"optdigits.tes:0096","test","0.4553607058067845","0.49520220224071676","true"
"optdigits.tes:0097","test","0.9684891644893551","0.9951908807490811","true"
"optdigits.tes:0098","test","0.9750578967228368","0.9940839985227384","true"
"optdigits.tes:0099","test","0.9929360504381637","0.9990163381012059","true"
"optdigits.tes:0100","test","0.9764399858334609","0.9959384054486569","true"
"optdigits.tes:0101","test","0.9970203174032854","0.9997347635800568","true"
"optdigits.tes:0102","test","0.973805720239126","0.9960904347633331","true"
"optdigits.tes:0103","test","0.9744069123143306","0.9954000714342626","true"
"optdigits.tes:0104","test","0.5187976430993528","0.621870899452799","true"
"optdigits.tes:0105","test","0.9338176449886771","0.9832729445250649","true"
"optdigits.tes:0106","test","0.6478135113436014","0.7588612764933247","true"
"optdigits.tes:0107","test","0.6913075727860875","0.7823085179477767","true"
"optdigits.tes:0108","test","0.976624446639951","0.995951012324299","true"
"optdigits.tes:0109","test","0.9580532567306351","0.9922518491820714","true"
"optdigits.tes:0110","test","0.9963446630738584","0.999725536562899","true"
"optdigits.tes:0111","test","0.9466414150240159","0.9866224238183503","true"
"optdigits.tes:0112","test","0.9730221478031953","0.9956374273654324","true"
"optdigits.tes:0113","test","0.9937591569516226","0.9994330895720307","true"
"optdigits.tes:0114","test","0.9847529821913775","0.9977532541581822","true"
"optdigits.tes:0115","test","0.9505407027117889","0.989132396019607","true"
"optdigits.tes:0116","test","0.7408769935135218","0.8600119788552438","true"
"optdigits.tes:0117","test","0.8883737959106991","0.9497536574901108","true"
"optdigits.tes:0118","test","0.9974494818850075","0.9998432555928622","true"
"optdigits.tes:0119","test","0.9996341346688234","0.9999903854093927","true"
"optdigits.tes:0120","test","0.8667051879529039","0.9545187841938637","true"
"optdigits.tes:0121","test","0.6207697205205068","0.7356110133196369","true"
"optdigits.tes:0122","test","0.8376691313981146","0.9112169709865536","true"
"optdigits.tes:0123","test","0.8282579916802804","0.908976256239712","true"
"optdigits.tes:0124","test","0.505313502200653","0.5351585410036687","false"
"optdigits.tes:0125","test","0.9943444992691306","0.9994864943652287","true"
"optdigits.tes:0126","test","0.9037673357520073","0.9709784716216968","true"
"optdigits.tes:0127","test","0.9949094745875732","0.9995751050520978","true"
"optdigits.tes:0128","test","0.9034533926873363","0.9733297304864145","true"
"optdigits.tes:0129","test","0.9514349171297996","0.9908616649372878","true"
"optdigits.tes:0130","test","0.597956704480548","0.7201903946368169","false"
"optdigits.tes:0131","test","0.9966647744282262","0.9997902376605136","true"
"optdigits.tes:0132","test","0.5511309004866074","0.6311290390987349","true"
"optdigits.tes:0133","test","0.9872876143844066","0.9984373511172633","true"
"optdigits.tes:0134","test","0.9749941112170281","0.9959639673220345","true"
"optdigits.tes:0135","test","0.752872412536924","0.8237025696894571","true"
"optdigits.tes:0136","test","0.9918884109202057","0.9992103703569186","true"
"optdigits.tes:0137","test","0.9906634656012505","0.9985774416856247","true"
"optdigits.tes:0138","test","0.9983158573215485","0.9999143718315967","true"
"optdigits.tes:0139","test","0.9958256697432059","0.9996818203110995","true"
"optdigits.tes:0140","test","0.9777101081290865","0.9963659650910202","true"
"optdigits.tes:0141","test","0.9966944779947404","0.9997562951596921","true"
"optdigits.tes:0142","test","0.8945086492112269","0.9539837434262446","true"
"optdigits.tes:0143","test","0.9677721872655798","0.9933568668749088","true"
"optdigits.tes:0144","test","0.9973904248218888","0.9997963673322223","true"
"optdigits.tes:0145","test","0.9200626061350649","0.9679627744054602","true"
"optdigits.tes:0146","test","0.9924120827909549","0.9993040862844721","true"
"optdigits.tes:0147","test","0.9890247123192628","0.9986158855521153","true"
"optdigits.tes:0148","test","0.9914249417433622","0.9991649457642527","true"
"optdigits.tes:0149","test","0.9972852719063733","0.999820984556673","true"
"optdigits.tes:0150","test","0.9921651141749374","0.9992242107122231","true"
"optdigits.tes:0151","test","0.9923213068278016","0.9992017209505131","true"
"optdigits.tes:0152","test","0.7441546821655967","0.8513453984521653","true"
"optdigits.tes:0153","test","0.9716600436688171","0.9953060334833014","true"
"optdigits.tes:0154","test","0.9861900943297979","0.9982752112036798","true"
"optdigits.tes:0155","test","0.842274167426606","0.9124706380324971","true"
"optdigits.tes:0156","test","0.9424073172011737","0.9849772096876703","true"
"optdigits.tes:0157","test","0.9907213224437513","0.9989409502039196","true"
"optdigits.tes:0158","test","0.9901949713022983","0.9984235002541401","true"
"optdigits.tes:0159","test","0.8256314891556913","0.9133834389992421","true"
"optdigits.tes:0160","test","0.9440432928982438","0.9858254280425023","true"
"optdigits.tes:0161","test","0.9992731542635456","0.9999717906218581","true"
"optdigits.tes:0162","test","0.6975662757570673","0.7975288010650468","true"
"optdigits.tes:0163","test","0.9964415276650791","0.9997587332633413","true"
"optdigits.tes:0164","test","0.9964882424360236","0.999707605104597","true"
"optdigits.tes:0165","test","0.9912888703851366","0.9989367575084969","true"
"optdigits.tes:0166","test","0.9971652374703579","0.9998150105394294","true"
"optdigits.tes:0167","test","0.9985641670306069","0.9999255669700347","true"
"optdigits.tes:0168","test","0.9514219016101347","0.9897889215855896","true"
"optdigits.tes:0169","test","0.9930366814580324","0.9993376708640016","true"
"optdigits.tes:0170","test","0.9438937908463714","0.9863546356344188","true"
"optdigits.tes:0171","test","0.5331897897038813","0.5901013605800939","true"
"optdigits.tes:0172","test","0.5203559156076962","0.5480682872801491","true"
"optdigits.tes:0173","test","0.8511251913047579","0.9448863529839224","true"
"optdigits.tes:0174","test","0.9939734938885496","0.9994315408573882","true"
"optdigits.tes:0175","test","0.9953546415491499","0.9996503975601008","true"
"optdigits.tes:0176","test","0.9985172863096987","0.9999274743929022","true"
"optdigits.tes:0177","test","0.9958505577663616","0.9996789698384011","true"
"optdigits.tes:0178","test","0.39796195112480587","0.43072392810466464","true"
"optdigits.tes:0179","test","0.9970567423715296","0.9997924737508749","true"
"optdigits.tes:0180","test","0.9923089456365897","0.9992992754001075","true"
"optdigits.tes:0181","test","0.9570428965907481","0.9911790150767092","true"
"optdigits.tes:0182","test","0.9909035700704677","0.9989147431929583","true"
"optdigits.tes:0183","test","0.9945658385767328","0.9995483932787653","true"
"optdigits.tes:0184","test","0.9929354463829936","0.9993504843891534","true"
"optdigits.tes:0185","test","0.8295856201962345","0.9346286236696262","true"
"optdigits.tes:0186","test","0.9970231670098135","0.9997998618365993","true"
"optdigits.tes:0187","test","0.9721618426408989","0.9948195725104061","true"
"optdigits.tes:0188","test","0.5556616557983358","0.647288987003067","true"
"optdigits.tes:0189","test","0.981386614534083","0.9965341003524342","true"
"optdigits.tes:0190","test","0.9924342615501388","0.9989985305687967","true"
"optdigits.tes:0191","test","0.9887830697583412","0.998600414891537","true"
"optdigits.tes:0192","test","0.7034841324964628","0.7823284621837042","false"
"optdigits.tes:0193","test","0.9525136852815154","0.9876585445279403","true"
"optdigits.tes:0194","test","0.9978997513375993","0.9998751940662054","true"
"optdigits.tes:0195","test","0.7868322604185287","0.8628776022591356","true"
"optdigits.tes:0196","test","0.9822380693033628","0.9971900330855359","true"
"optdigits.tes:0197","test","0.9908038312944091","0.9988173191418539","true"
"optdigits.tes:0198","test","0.9917353187277814","0.9990766849274887","true"
"optdigits.tes:0199","test","0.7508057381143712","0.8713663235260096","true"
"optdigits.tes:0200","test","0.9619008553098084","0.9932269078009329","true"
"optdigits.tes:0201","test","0.947166701523788","0.9862974567523267","true"
"optdigits.tes:0202","test","0.9979401810123819","0.9998865334691549","true"
"optdigits.tes:0203","test","0.9993614148774519","0.9999771634070205","true"
"optdigits.tes:0204","test","0.9876279276538531","0.99865485747488","true"
"optdigits.tes:0205","test","0.9784763146003743","0.9962333448161719","true"
"optdigits.tes:0206","test","0.9342897880685547","0.9833967715286346","true"
"optdigits.tes:0207","test","0.6823297211537456","0.7816825318323336","true"
"optdigits.tes:0208","test","0.9540730167827456","0.9906758936990615","true"
"optdigits.tes:0209","test","0.9717571367542048","0.9931105111594152","true"
"optdigits.tes:0210","test","0.9782407377407678","0.9963444817188447","true"
"optdigits.tes:0211","test","0.9598143641099408","0.9901175279912077","true"
"optdigits.tes:0212","test","0.8094507118155589","0.9143102716575294","true"
"optdigits.tes:0213","test","0.9902200579786744","0.998928763435339","true"
"optdigits.tes:0214","test","0.9871724623393028","0.9983917976669607","true"
"optdigits.tes:0215","test","0.9832049794501291","0.9978042199718067","true"
"optdigits.tes:0216","test","0.46664676084187334","0.5077843446252529","true"
"optdigits.tes:0217","test","0.927909859474783","0.9781597623255113","true"
"optdigits.tes:0218","test","0.9879113561319712","0.9985092917938575","true"
"optdigits.tes:0219","test","0.7080946965104299","0.811566696671355","true"
"optdigits.tes:0220","test","0.9982289647036529","0.9999083303462921","true"
"optdigits.tes:0221","test","0.973992014107405","0.9957384183747273","true"
"optdigits.tes:0222","test","0.996191698245063","0.9996562604514081","true"
"optdigits.tes:0223","test","0.9988453940310521","0.9999517191344666","true"
"optdigits.tes:0224","test","0.9756762025002557","0.9954288667370977","true"
"optdigits.tes:0225","test","0.8976306032811213","0.9631683316246886","true"
"optdigits.tes:0226","test","0.9074124047995942","0.9607780196210137","true"
"optdigits.tes:0227","test","0.9253186474298887","0.9776006324669888","true"
"optdigits.tes:0228","test","0.9356983161648856","0.9823524303194864","true"
"optdigits.tes:0229","test","0.8725913084405751","0.9359316127856567","true"
"optdigits.tes:0230","test","0.9989832223630912","0.9999528000216014","true"
"optdigits.tes:0231","test","0.9926146476908682","0.9992091305881173","true"
"optdigits.tes:0232","test","0.8831259841618339","0.9622806073795325","true"
"optdigits.tes:0233","test","0.9842225294936489","0.9977044049266811","true"
"optdigits.tes:0234","test","0.9465536623649202","0.9863764880752754","true"
"optdigits.tes:0235","test","0.9935394349249866","0.999374440070037","true"
"optdigits.tes:0236","test","0.9254546316805499","0.9704860737310678","true"
"optdigits.tes:0237","test","0.9991752365084972","0.9999706423915108","true"
"optdigits.tes:0238","test","0.9747669334188559","0.996291633372569","true"
"optdigits.tes:0239","test","0.7231699035054074","0.8139493191817522","true"
"optdigits.tes:0240","test","0.7354116370478629","0.8062842620930714","true"
"optdigits.tes:0241","test","0.967258952012251","0.9929822562931065","true"
"optdigits.tes:0242","test","0.9534195545302718","0.9898923273797667","true"
"optdigits.tes:0243","test","0.8557026599207468","0.9245465097244451","true"
"optdigits.tes:0244","test","0.8719499310812091","0.9499161327151829","true"
"optdigits.tes:0245","test","0.4800480626121629","0.5383514407389384","true"
"optdigits.tes:0246","test","0.8997816017136686","0.9625114967612556","true"
"optdigits.tes:0247","test","0.9743521567628078","0.996422188427547","true"
"optdigits.tes:0248","test","0.5526019867068868","0.577102616888943","true"
"optdigits.tes:0249","test","0.8978736477558295","0.9566923222491206","true"
"optdigits.tes:0250","test","0.7555535732084746","0.8423182809846027","true"
"optdigits.tes:0251","test","0.9068963892082549","0.9598137505414955","true"
"optdigits.tes:0252","test","0.9634933049729705","0.9936742980128694","true"
"optdigits.tes:0253","test","0.9986460226197821","0.9999364253309092","true"
"optdigits.tes:0254","test","0.7197905408086333","0.8171000144042373","true"
"optdigits.tes:0255","test","0.9231264528757219","0.9773221131593368","true"
"optdigits.tes:0256","test","0.9902665648894183","0.9990696498635475","true"
"optdigits.tes:0257","test","0.9124727498193852","0.9650110346077424","true"
"optdigits.tes:0258","test","0.863536485893892","0.9309152945686574","true"
"optdigits.tes:0259","test","0.9965510946545945","0.9997513377457854","true"
"optdigits.tes:0260","test","0.9918591184977794","0.9990779342495356","true"
"optdigits.tes:0261","test","0.994607595072336","0.9996152475120106","true"
"optdigits.tes:0262","test","0.9928412772681642","0.9991401815158469","true"
"optdigits.tes:0263","test","0.9944947477597496","0.999498393422383","true"
"optdigits.tes:0264","test","0.9990704166187893","0.9999590702910237","true"
"optdigits.tes:0265","test","0.9814682781714086","0.997547253409705","true"
"optdigits.tes:0266","test","0.9449960535104543","0.9841264192825482","true"
"optdigits.tes:0267","test","0.9987876678126949","0.9999473950076646","true"
"optdigits.tes:0268","test","0.9337011335161803","0.981517298470543","true"
"optdigits.tes:0269","test","0.9964575543642873","0.9997040656231608","true"
"optdigits.tes:0270","test","0.9691663672851798","0.9938059243779486","true"
"optdigits.tes:0271","test","0.9971921325166917","0.9997766222409095","true"
"optdigits.tes:0272","test","0.9969772494892024","0.9998009418474318","true"
"optdigits.tes:0273","test","0.9954651116179162","0.9996112839233694","true"
"optdigits.tes:0274","test","0.9987255381815177","0.9999473856993094","true"
"optdigits.tes:0275","test","0.9878270185536207","0.9987855948523244","true"
"optdigits.tes:0276","test","0.6527897965910254","0.7533558914437736","true"
"optdigits.tes:0277","test","0.9727289010720793","0.9947107077586949","true"
"optdigits.tes:0278","test","0.9572367913432034","0.9880829472861251","true"
"optdigits.tes:0279","test","0.9912145519062733","0.9986336218055464","true"
"optdigits.tes:0280","test","0.9944752626663073","0.999495862547053","true"
"optdigits.tes:0281","test","0.9926161040319885","0.9992464127363814","true"
"optdigits.tes:0282","test","0.9921350581035363","0.9990938656210481","true"
"optdigits.tes:0283","test","0.9915676518402116","0.9991132002197718","true"
"optdigits.tes:0284","test","0.9996220687860163","0.9999894641702932","true"
"optdigits.tes:0285","test","0.9350348989000329","0.9874365646514102","true"
"optdigits.tes:0286","test","0.9715591800414709","0.994375041453639","true"
"optdigits.tes:0287","test","0.9738183051801341","0.9941254660017153","true"
"optdigits.tes:0288","test","0.9401819832715596","0.9868365340451065","true"
"optdigits.tes:0289","test","0.9938349426897487","0.9992396100694406","true"
"optdigits.tes:0290","test","0.9557191838895364","0.9899774642188812","true"
"optdigits.tes:0291","test","0.9971136402672849","0.9997864658140975","true"
"optdigits.tes:0292","test","0.888240636273428","0.9613045963612031","true"
"optdigits.tes:0293","test","0.5552010420379739","0.5811422126599464","false"
"optdigits.tes:0294","test","0.951981136529876","0.9888897883354858","true"
"optdigits.tes:0295","test","0.9966532093643444","0.99978457870019","true"
"optdigits.tes:0296","test","0.8821084409162092","0.959913900824819","true"
"optdigits.tes:0297","test","0.9967819339384564","0.9998089069036249","true"
"optdigits.tes:0298","test","0.9956808115344611","0.9996022347161555","true"
"optdigits.tes:0299","test","0.9668869197575221","0.9934728547874172","true"
"optdigits.tes:0300","test","0.9991217221799853","0.9999683150441763","true"
"optdigits.tes:0301","test","0.9959663439745893","0.9997198126888934","true"
"optdigits.tes:0302","test","0.9960032591338851","0.999690880407769","true"
"optdigits.tes:0303","test","0.9958382867073216","0.9995840909368418","true"
"optdigits.tes:0304","test","0.9963192534874861","0.9997192365259003","true"
"optdigits.tes:0305","test","0.9617520479221285","0.9923870897568484","true"
"optdigits.tes:0306","test","0.9932897221775652","0.9994046127738432","true"
"optdigits.tes:0307","test","0.9816393360647055","0.9965076195364104","true"
"optdigits.tes:0308","test","0.9626284094800535","0.9927000476702056","true"
"optdigits.tes:0309","test","0.9806395371653064","0.9967378465522808","true"
"optdigits.tes:0310","test","0.9330753111471417","0.9801892540811207","true"
"optdigits.tes:0311","test","0.9951540899998145","0.9995682567126684","true"
"optdigits.tes:0312","test","0.9893441758123956","0.9985236438097453","true"
"optdigits.tes:0313","test","0.8807446778434224","0.9509682142717752","true"
"optdigits.tes:0314","test","0.9956686010501873","0.9995618006907667","true"
"optdigits.tes:0315","test","0.9874569985409819","0.9983658939686604","true"
"optdigits.tes:0316","test","0.9984840878885657","0.999918203199039","true"
"optdigits.tes:0317","test","0.9946983721462692","0.999517943237137","true"
"optdigits.tes:0318","test","0.9971610840172845","0.9998134795457015","true"
"optdigits.tes:0319","test","0.9970987976069322","0.9997793168648944","true"
"optdigits.tes:0320","test","0.9985918322585522","0.99991809609953","true"
"optdigits.tes:0321","test","0.9967224268973714","0.9997251761279007","true"
"optdigits.tes:0322","test","0.9969085986313792","0.9997742580887117","true"
"optdigits.tes:0323","test","0.9967063063966525","0.9997756001173497","true"
"optdigits.tes:0324","test","0.9944231021018702","0.9992645734313114","true"
"optdigits.tes:0325","test","0.9900369451387853","0.9986902793302602","true"
"optdigits.tes:0326","test","0.7432119447465776","0.8718958617626259","true"
"optdigits.tes:0327","test","0.9488431124437261","0.9841220118026937","true"
"optdigits.tes:0328","test","0.9748702547423528","0.9961708663190453","true"
"optdigits.tes:0329","test","0.9551148487043356","0.9878450451334837","true"
"optdigits.tes:0330","test","0.7797600435357938","0.8859130539321243","true"
"optdigits.tes:0331","test","0.9972482502172444","0.9997940974350151","true"
"optdigits.tes:0332","test","0.9960644619521006","0.999638868847423","true"
"optdigits.tes:0333","test","0.9956417809145508","0.9996546257936125","true"
"optdigits.tes:0334","test","0.9884324972645242","0.998369746439795","true"
"optdigits.tes:0335","test","0.9950838325262944","0.9996277598223876","true"
"optdigits.tes:0336","test","0.9634583875675876","0.9906388629906149","true"
"optdigits.tes:0337","test","0.9619810601958606","0.9911902521284447","true"
"optdigits.tes:0338","test","0.911467040610722","0.9687918402960501","true"
"optdigits.tes:0339","test","0.9862928994982615","0.9975990249489953","true"
"optdigits.tes:0340","test","0.9955500307731302","0.9996111537648894","true"
"optdigits.tes:0341","test","0.9725492472656101","0.9945098168739042","true"
"optdigits.tes:0342","test","0.8850893027669816","0.9491566591311403","true"
"optdigits.tes:0343","test","0.9925603371367668","0.9991403936248267","true"
"optdigits.tes:0344","test","0.9980034761192214","0.9998926322130447","true"
"optdigits.tes:0345","test","0.998196088061913","0.9999006572068414","true"
"optdigits.tes:0346","test","0.9981444695657922","0.9998702331417408","true"
"optdigits.tes:0347","test","0.9490241768712735","0.9857294440181786","true"
"optdigits.tes:0348","test","0.9984062509210554","0.9999192266624994","true"
"optdigits.tes:0349","test","0.953332155707787","0.9899251763308118","true"
"optdigits.tes:0350","test","0.9936190675513229","0.9994110301389857","true"
"optdigits.tes:0351","test","0.9975144785540098","0.9998069809264118","true"
"optdigits.tes:0352","test","0.9982338986586173","0.9999108534287858","true"
"optdigits.tes:0353","test","0.9989339468065629","0.9999565703892841","true"
"optdigits.tes:0354","test","0.9954870313462403","0.9995316224323317","true"
"optdigits.tes:0355","test","0.9906495455524852","0.9991113727308575","true"
"optdigits.tes:0356","test","0.9712873506855159","0.9952435549279917","true"
"optdigits.tes:0357","test","0.9814162255284724","0.9975317302168912","true"
"optdigits.tes:0358","test","0.9812368814036129","0.9971312426529312","true"
"optdigits.tes:0359","test","0.9870836263586673","0.9979616498801966","true"
"optdigits.tes:0360","test","0.9919670308820047","0.999140988368135","true"
"optdigits.tes:0361","test","0.9967571511153491","0.999757179467445","true"
"optdigits.tes:0362","test","0.6890959880409444","0.8244253979484616","true"
"optdigits.tes:0363","test","0.9837755609881946","0.9974486590598796","true"
"optdigits.tes:0364","test","0.5472571744870759","0.665533664362815","false"
"optdigits.tes:0365","test","0.9874844606135423","0.9983407106208456","true"
"optdigits.tes:0366","test","0.9949666377445916","0.9994439763004361","true"
"optdigits.tes:0367","test","0.9930428278348772","0.9991677124239409","true"
"optdigits.tes:0368","test","0.9956738366765842","0.9995968225852","true"
"optdigits.tes:0369","test","0.997147549258871","0.999803399615611","true"
"optdigits.tes:0370","test","0.9844412965796847","0.9974434349077941","true"
"optdigits.tes:0371","test","0.9988521095378814","0.9999478458704857","true"
"optdigits.tes:0372","test","0.9976337676828886","0.9998281811007752","true"
"optdigits.tes:0373","test","0.9977793361257774","0.9998413109613264","true"
"optdigits.tes:0374","test","0.9305563945420617","0.975241018967699","true"
"optdigits.tes:0375","test","0.9853884860990375","0.9982222477980391","true"
"optdigits.tes:0376","test","0.868317956000948","0.9520921836792359","true"
"optdigits.tes:0377","test","0.9991428413637697","0.9999622231914181","true"
"optdigits.tes:0378","test","0.9959790806214363","0.9996338473290197","true"
"optdigits.tes:0379","test","0.7403082099283121","0.883416972845084","true"
"optdigits.tes:0380","test","0.9839977225903607","0.9979485265266069","true"
"optdigits.tes:0381","test","0.9947162436483954","0.9994732201023163","true"
"optdigits.tes:0382","test","0.8182473224789981","0.9223174942800799","true"
"optdigits.tes:0383","test","0.9975694385028335","0.9998538782260323","true"
"optdigits.tes:0384","test","0.9969630458412252","0.9998367536234647","true"
"optdigits.tes:0385","test","0.8567776728512143","0.9496502141168676","true"
"optdigits.tes:0386","test","0.9895871646362792","0.9987221819308411","true"
"optdigits.tes:0387","test","0.9946132831036182","0.9994689500818906","true"
"optdigits.tes:0388","test","0.8024836831937336","0.8847163048570612","true"
"optdigits.tes:0389","test","0.9933921548527667","0.9993530538546527","true"
"optdigits.tes:0390","test","0.9836212054765443","0.9976563281175294","true"
"optdigits.tes:0391","test","0.8589226595490413","0.927900685907889","true"
"optdigits.tes:0392","test","0.9754212506726077","0.9949586143281658","true"
"optdigits.tes:0393","test","0.9815826284986445","0.9971947704528302","true"
"optdigits.tes:0394","test","0.5573828991422148","0.6804626570190058","false"
"optdigits.tes:0395","test","0.8191875676026543","0.9348383802122625","true"
"optdigits.tes:0396","test","0.9572139305884332","0.9919492438605614","true"
"optdigits.tes:0397","test","0.9984427039418565","0.9999028566744627","true"
"optdigits.tes:0398","test","0.9879310032267431","0.9985320739002287","true"
"optdigits.tes:0399","test","0.9206156418364851","0.9782575683227768","true"
"optdigits.tes:0400","test","0.8098817373866339","0.9183040422673285","true"
"optdigits.tes:0401","test","0.9350135597147304","0.9801563137855591","true"
"optdigits.tes:0402","test","0.9952896303014723","0.9996685728410974","true"
"optdigits.tes:0403","test","0.8218311577811568","0.9255621302212641","true"
"optdigits.tes:0404","test","0.38718256011591645","0.4376283602630014","true"
"optdigits.tes:0405","test","0.9920529474154857","0.9992325796628521","true"
"optdigits.tes:0406","test","0.8114347132271674","0.9224666958153274","true"
"optdigits.tes:0407","test","0.9993535600275313","0.9999781816137584","true"
"optdigits.tes:0408","test","0.9884171627397144","0.9984525064019054","true"
"optdigits.tes:0409","test","0.9692005762421685","0.9941036673040362","true"
"optdigits.tes:0410","test","0.5044308156440673","0.5729517137243078","true"
"optdigits.tes:0411","test","0.8170215462039221","0.889986804079908","true"
"optdigits.tes:0412","test","0.9964698119777301","0.9997836208169829","true"
"optdigits.tes:0413","test","0.9360955773163986","0.9858556315344995","true"
"optdigits.tes:0414","test","0.8933612550077976","0.965426707707241","false"
"optdigits.tes:0415","test","0.5401365331130532","0.669067804538026","true"
"optdigits.tes:0416","test","0.8254013758683967","0.9301305917667205","true"
"optdigits.tes:0417","test","0.9980702940807415","0.9998794911886435","true"
"optdigits.tes:0418","test","0.8929208854248865","0.9621569419066819","true"
"optdigits.tes:0419","test","0.8925260386922944","0.9627599502885577","true"
"optdigits.tes:0420","test","0.9588416563168767","0.991180355745748","true"
"optdigits.tes:0421","test","0.6288791588387749","0.7737989335625793","true"
"optdigits.tes:0422","test","0.5520575693318321","0.6434754636278543","false"
"optdigits.tes:0423","test","0.9908822081205031","0.9987666670571866","true"
"optdigits.tes:0424","test","0.8145611872712658","0.9151075567110417","true"
"optdigits.tes:0425","test","0.9890455549606372","0.9986652603056111","true"
"optdigits.tes:0426","test","0.9084603163757772","0.9681230900027544","true"
"optdigits.tes:0427","test","0.9747111024919084","0.9965173379779496","true"
"optdigits.tes:0428","test","0.8861577811980017","0.9555772958368706","true"
"optdigits.tes:0429","test","0.9871674778060224","0.9983111355622454","true"
"optdigits.tes:0430","test","0.3518560049325172","0.39898257979644375","false"
"optdigits.tes:0431","test","0.40610636105546755","0.4481043551479451","true"
"optdigits.tes:0432","test","0.9569259672586914","0.9909714674674122","true"
"optdigits.tes:0433","test","0.978175487756506","0.9964507490229707","true"
"optdigits.tes:0434","test","0.988954245855075","0.9988933466136306","true"
"optdigits.tes:0435","test","0.9980685976488474","0.9998996810957352","true"
"optdigits.tes:0436","test","0.9987490700003827","0.9999488938107007","true"
"optdigits.tes:0437","test","0.898372293668186","0.9662662668636989","true"
"optdigits.tes:0438","test","0.9933804320269408","0.9992540361212982","true"
"optdigits.tes:0439","test","0.5143437892978414","0.5943461142496442","false"
"optdigits.tes:0440","test","0.4635862523913026","0.4996530278346098","true"
"optdigits.tes:0441","test","0.9905628843103798","0.9987354863484456","true"
"optdigits.tes:0442","test","0.9939294657571002","0.9994778810532496","true"
"optdigits.tes:0443","test","0.8937881291433223","0.9703510305586666","true"
"optdigits.tes:0444","test","0.9654451635874943","0.9921827375409644","true"
"optdigits.tes:0445","test","0.9899379704997344","0.9989694105793865","true"
"optdigits.tes:0446","test","0.8747011661682914","0.9553465278665849","true"
"optdigits.tes:0447","test","0.7284587105462129","0.8720079510339538","true"
"optdigits.tes:0448","test","0.9242311479853452","0.980256227669473","false"
"optdigits.tes:0449","test","0.6342500390715123","0.761041204475558","true"
"optdigits.tes:0450","test","0.6621508158383138","0.7774304535035761","true"
"optdigits.tes:0451","test","0.9803629394307496","0.9967635660360658","true"
"optdigits.tes:0452","test","0.9726080924452162","0.9950151585663422","true"
"optdigits.tes:0453","test","0.9200871116722126","0.9739773778900233","true"
"optdigits.tes:0454","test","0.9701362155473076","0.9948510561294","true"
"optdigits.tes:0455","test","0.8054229125877793","0.8841273444819281","true"
"optdigits.tes:0456","test","0.9040086421172627","0.9655449698008205","true"
"optdigits.tes:0457","test","0.997516130670827","0.9998379842558822","true"
"optdigits.tes:0458","test","0.7557953050050206","0.8307959771789547","true"
"optdigits.tes:0459","test","0.9980965997865331","0.9998912830035778","true"
"optdigits.tes:0460","test","0.7198234404509652","0.8474587328406445","true"
"optdigits.tes:0461","test","0.9948609733371442","0.9994825235502663","true"
"optdigits.tes:0462","test","0.9480080564939302","0.9828580611726646","true"
"optdigits.tes:0463","test","0.9801669924234271","0.9965012387982403","true"
"optdigits.tes:0464","test","0.9898774158020388","0.9987731103318594","true"
"optdigits.tes:0465","test","0.9988308568810795","0.9999485418937196","true"
"optdigits.tes:0466","test","0.9909260146676111","0.9990716547961366","true"
"optdigits.tes:0467","test","0.9947698578870976","0.9995149597452556","true"
"optdigits.tes:0468","test","0.7650360943197135","0.8944598152791348","false"
"optdigits.tes:0469","test","0.9953590272359056","0.9996128053522052","true"
"optdigits.tes:0470","test","0.946043966919567","0.9896142442045149","true"
"optdigits.tes:0471","test","0.9517119833486721","0.9905484826292554","true"
"optdigits.tes:0472","test","0.9938996801665612","0.9992856639082206","true"
"optdigits.tes:0473","test","0.7811995488154703","0.8854801805386344","true"
"optdigits.tes:0474","test","0.9475824114910973","0.9850704246161913","true"
"optdigits.tes:0475","test","0.9128228161999371","0.9686544371484249","true"
"optdigits.tes:0476","test","0.9273228332815607","0.9788974189151939","true"
"optdigits.tes:0477","test","0.9968225136754191","0.999760241441104","true"
"optdigits.tes:0478","test","0.944421769192879","0.9849691076596859","true"
"optdigits.tes:0479","test","0.8379660106137472","0.9377812668160199","true"
"optdigits.tes:0480","test","0.9949859363014678","0.9995485429966707","true"
"optdigits.tes:0481","test","0.7951132765821229","0.8896370257774692","false"
"optdigits.tes:0482","test","0.9137090508929346","0.9775976314163917","true"
"optdigits.tes:0483","test","0.808875324418287","0.9136911681865416","true"
"optdigits.tes:0484","test","0.9678684735985505","0.9929083624707579","true"
"optdigits.tes:0485","test","0.9892622302590969","0.9988562609138177","true"
"optdigits.tes:0486","test","0.9884511056119575","0.9986214139945887","true"
"optdigits.tes:0487","test","0.8419276568120556","0.912900875949319","true"
"optdigits.tes:0488","test","0.9979114322629229","0.9998899222643303","true"
"optdigits.tes:0489","test","0.9925875708572329","0.9992824377469507","true"
"optdigits.tes:0490","test","0.754579887507713","0.877678326934973","true"
"optdigits.tes:0491","test","0.9878201587532676","0.9983948999996003","true"
"optdigits.tes:0492","test","0.5664627601869278","0.7074159345821671","true"
"optdigits.tes:0493","test","0.6978069526474319","0.8362926960146199","false"
"optdigits.tes:0494","test","0.9895202365340193","0.9985708009398234","true"
"optdigits.tes:0495","test","0.8185671563660457","0.9200302449347015","false"
"optdigits.tes:0496","test","0.9948921844911083","0.9995222550532722","true"
"optdigits.tes:0497","test","0.6754434278602404","0.7397701130624302","true"
"optdigits.tes:0498","test","0.9794037884518956","0.9958085103613886","true"
"optdigits.tes:0499","test","0.7704455146939029","0.8692145017781965","false"
"optdigits.tes:0500","test","0.9956314951020896","0.9996319478269279","true"
"optdigits.tes:0501","test","0.77577346012936","0.8886431835798353","true"
"optdigits.tes:0502","test","0.9967052862584084","0.9997469791727489","true"
"optdigits.tes:0503","test","0.48706061871000417","0.5817929496680498","true"
"optdigits.tes:0504","test","0.9990220343057767","0.9999627861170857","true"
"optdigits.tes:0505","test","0.41694901268550755","0.4650015364518894","true"
"optdigits.tes:0506","test","0.6162585911747683","0.7290731062471228","true"
"optdigits.tes:0507","test","0.9335075337414376","0.9860993852369618","true"
"optdigits.tes:0508","test","0.9507137558777334","0.9862618774086056","true"
"optdigits.tes:0509","test","0.98372522928635","0.997557694218496","true"
"optdigits.tes:0510","test","0.9948194875267539","0.999514659144861","true"
"optdigits.tes:0511","test","0.7603961789074507","0.8389038430070376","true"
"optdigits.tes:0512","test","0.9112560612491825","0.9750692722829746","true"
"optdigits.tes:0513","test","0.9965601302204896","0.9997710955559378","true"
"optdigits.tes:0514","test","0.9648858666784094","0.9912452392019445","true"
"optdigits.tes:0515","test","0.9180040166478172","0.978737004614751","true"
"optdigits.tes:0516","test","0.9417667020156982","0.9861380622133517","true"
"optdigits.tes:0517","test","0.984217307214502","0.9974226914624291","true"
"optdigits.tes:0518","test","0.9450759880840096","0.9879429256505392","true"
"optdigits.tes:0519","test","0.4722523694134782","0.5082346827756468","true"
"optdigits.tes:0520","test","0.6416997774130786","0.7830691935750603","false"
"optdigits.tes:0521","test","0.9875073284927538","0.9986068869265308","true"
"optdigits.tes:0522","test","0.5952732806413882","0.6941690258788626","true"
"optdigits.tes:0523","test","0.972131443267491","0.9934992455732651","true"
"optdigits.tes:0524","test","0.8071011990679194","0.9104290933203961","true"
"optdigits.tes:0525","test","0.5724084918849219","0.707021088171826","true"
"optdigits.tes:0526","test","0.8449109695205421","0.9458900888694852","true"
"optdigits.tes:0527","test","0.9682536335154976","0.9946730406677683","true"
"optdigits.tes:0528","test","0.6488739172405931","0.7330604568499169","true"
"optdigits.tes:0529","test","0.8316327219011443","0.9210102364759111","true"
"optdigits.tes:0530","test","0.7211649274738415","0.8502139129158591","true"
"optdigits.tes:0531","test","0.8927285082907943","0.9686958539530648","true"
"optdigits.tes:0532","test","0.9606103563336412","0.9925495257959019","true"
"optdigits.tes:0533","test","0.9886718638849372","0.9986634528345527","true"
"optdigits.tes:0534","test","0.9872115799659409","0.9982388437701282","true"
"optdigits.tes:0535","test","0.9704163481060549","0.9939125553508061","true"
"optdigits.tes:0536","test","0.6347271979263001","0.7597079488159529","true"
"optdigits.tes:0537","test","0.9864312247957948","0.9981542624170514","true"
"optdigits.tes:0538","test","0.8234813629952361","0.9222421241485613","true"
"optdigits.tes:0539","test","0.9487886876022323","0.9887847723359138","true"
"optdigits.tes:0540","test","0.4007671945870954","0.469361510678599","true"
"optdigits.tes:0541","test","0.9766743041988328","0.9960587537355775","true"
"optdigits.tes:0542","test","0.9590401964814685","0.9879840522498994","true"
"optdigits.tes:0543","test","0.9946136877595512","0.9995057977878674","true"
"optdigits.tes:0544","test","0.9658529786828625","0.9923917650540723","true"
"optdigits.tes:0545","test","0.9914050319077432","0.9991572012650938","true"
"optdigits.tes:0546","test","0.8839048208570357","0.962676616211467","true"
"optdigits.tes:0547","test","0.9965630702986373","0.9997531989443277","true"
"optdigits.tes:0548","test","0.48887363362311426","0.5166098181948613","false"
"optdigits.tes:0549","test","0.991454677163656","0.9986530643664244","true"
"optdigits.tes:0550","test","0.9841962102493157","0.9977726951377482","true"
"optdigits.tes:0551","test","0.9274428036882136","0.9751239960579993","true"
"optdigits.tes:0552","test","0.935908242039798","0.9783236044462724","true"
"optdigits.tes:0553","test","0.9848882453268661","0.9981280225224738","true"
"optdigits.tes:0554","test","0.954623700612785","0.9901888623921414","true"
"optdigits.tes:0555","test","0.9049861913439411","0.9728125210368255","true"
"optdigits.tes:0556","test","0.7651429541037325","0.8972403870295553","true"
"optdigits.tes:0557","test","0.957338633611866","0.9899304820555449","true"
"optdigits.tes:0558","test","0.9766503308033254","0.9965297257059922","true"
"optdigits.tes:0559","test","0.9350805558018894","0.984275078765762","true"
"optdigits.tes:0560","test","0.9956765091787124","0.9997079683986286","true"
"optdigits.tes:0561","test","0.9976915891683122","0.999834886274743","true"
"optdigits.tes:0562","test","0.849205137623713","0.939046082117521","true"
"optdigits.tes:0563","test","0.9614558757566581","0.9907554276688045","true"
"optdigits.tes:0564","test","0.7095941360630041","0.7952848687655965","true"
"optdigits.tes:0565","test","0.9641441552912696","0.9926390652930576","true"
"optdigits.tes:0566","test","0.9969329865869746","0.9997986992467464","true"
"optdigits.tes:0567","test","0.978528210363969","0.9968223970751131","true"
"optdigits.tes:0568","test","0.9476912589981273","0.9856195357960704","true"
"optdigits.tes:0569","test","0.9751423639826922","0.9954975085485299","true"
"optdigits.tes:0570","test","0.7097622844004967","0.8371590979733451","true"
"optdigits.tes:0571","test","0.9959278165126827","0.9997265617947123","true"
"optdigits.tes:0572","test","0.9929784066708841","0.9994088517442635","true"
"optdigits.tes:0573","test","0.8093715877318883","0.914031184061976","true"
"optdigits.tes:0574","test","0.9247029170096335","0.9774293756477709","true"
"optdigits.tes:0575","test","0.7957093466483787","0.9147904380787423","true"
"optdigits.tes:0576","test","0.3412945165996918","0.3833972255698666","true"
"optdigits.tes:0577","test","0.8920511340152416","0.9619529815474733","true"
"optdigits.tes:0578","test","0.9954539288503124","0.9995762387900099","true"
"optdigits.tes:0579","test","0.3490358137411246","0.39916456288450486","false"
"optdigits.tes:0580","test","0.4523622479768542","0.5675918887608177","true"
"optdigits.tes:0581","test","0.9963851912632046","0.9997106899826536","true"
"optdigits.tes:0582","test","0.9729508340516002","0.9953770690926778","true"
"optdigits.tes:0583","test","0.9922629370917205","0.999155350825804","true"
"optdigits.tes:0584","test","0.9385395067260524","0.9835023926932217","true"
"optdigits.tes:0585","test","0.9824452300633533","0.9975275919918053","true"
"optdigits.tes:0586","test","0.8492401410939386","0.948943209734151","true"
"optdigits.tes:0587","test","0.8427497666635626","0.9223184542612392","true"
"optdigits.tes:0588","test","0.9660131338082165","0.9917360383608432","true"
"optdigits.tes:0589","test","0.9439196711131208","0.9827807121284988","true"
"optdigits.tes:0590","test","0.8342925674814348","0.9322570874431941","true"
"optdigits.tes:0591","test","0.8926415538358291","0.967339571855808","true"
"optdigits.tes:0592","test","0.9366770700255787","0.9846185612640999","true"
"optdigits.tes:0593","test","0.8316543194298744","0.9299354345730219","true"
"optdigits.tes:0594","test","0.9940856742241246","0.9995127812757985","true"
"optdigits.tes:0595","test","0.9465578618602833","0.9860354556117107","true"
"optdigits.tes:0596","test","0.9683163739904479","0.9942953149723295","true"
"optdigits.tes:0597","test","0.7649706753002614","0.8733974267596628","true"
"optdigits.tes:0598","test","0.9977239990451354","0.9998810936427115","true"
"optdigits.tes:0599","test","0.9508138978783451","0.9889173057084049","true"
"optdigits.tes:0600","test","0.44723000621062226","0.5089350689130451","true"
"optdigits.tes:0601","test","0.9345236395328528","0.9845119542733447","true"
"optdigits.tes:0602","test","0.9861840706957853","0.9982312003573419","true"
"optdigits.tes:0603","test","0.9884082875326591","0.9986211042064209","true"
"optdigits.tes:0604","test","0.920422102001252","0.973414955189371","true"
"optdigits.tes:0605","test","0.6830306151920558","0.7957385672119367","true"
"optdigits.tes:0606","test","0.41184692434436265","0.49240643826765135","false"
"optdigits.tes:0607","test","0.6886094928759744","0.8014325365520019","true"
"optdigits.tes:0608","test","0.37959147190451775","0.46076197680080333","false"
"optdigits.tes:0609","test","0.8633760671296486","0.9524123130798047","true"
"optdigits.tes:0610","test","0.9702158874460152","0.9950288293958975","true"
"optdigits.tes:0611","test","0.9989537984110745","0.9999578320311889","true"
"optdigits.tes:0612","test","0.9922197394178024","0.9992197772386924","true"
"optdigits.tes:0613","test","0.8711314545186583","0.9473737906061266","true"
"optdigits.tes:0614","test","0.9858335766950904","0.9979728669184684","true"
"optdigits.tes:0615","test","0.8933451053358306","0.9683152744169348","true"
"optdigits.tes:0616","test","0.9811975613653987","0.9960196509937673","true"
"optdigits.tes:0617","test","0.9830370479820383","0.9976981860324157","true"
"optdigits.tes:0618","test","0.8206152847900616","0.9160089721204039","true"
"optdigits.tes:0619","test","0.9590233863705941","0.9894486478081999","true"
"optdigits.tes:0620","test","0.8943378712205065","0.9695523009842858","true"
"optdigits.tes:0621","test","0.9847065302721764","0.9974530740482028","true"
"optdigits.tes:0622","test","0.8014684264660792","0.9132281479708834","true"
"optdigits.tes:0623","test","0.9267292231212503","0.9801992975120434","true"
"optdigits.tes:0624","test","0.9836740462107992","0.9970423656934916","true"
"optdigits.tes:0625","test","0.9968184037004916","0.9997924066656544","true"
"optdigits.tes:0626","test","0.9870554821686752","0.998141597827472","true"
"optdigits.tes:0627","test","0.9908555962718167","0.9988558179700031","true"
"optdigits.tes:0628","test","0.9891321930013158","0.9984315006983412","true"
"optdigits.tes:0629","test","0.99590568514792","0.9996980224319147","true"
"optdigits.tes:0630","test","0.96197422480357","0.9893797105405404","true"
"optdigits.tes:0631","test","0.9443770724274864","0.9841447550983298","true"
"optdigits.tes:0632","test","0.9967412091256026","0.99964988590579","true"
"optdigits.tes:0633","test","0.8516514064581817","0.9315050074445848","true"
"optdigits.tes:0634","test","0.8938165765706989","0.9635676362972544","true"
"optdigits.tes:0635","test","0.9951752634184802","0.999529131876302","true"
"optdigits.tes:0636","test","0.9899606634867638","0.9987859907762185","true"
"optdigits.tes:0637","test","0.9853026244954775","0.9977769247746441","true"
"optdigits.tes:0638","test","0.9548313138378264","0.9887984017632845","true"
"optdigits.tes:0639","test","0.3866264079650161","0.49332234969456285","true"
"optdigits.tes:0640","test","0.5066088824449622","0.5432369290574846","false"
"optdigits.tes:0641","test","0.9761103304068273","0.9964687801975883","true"
"optdigits.tes:0642","test","0.9670508823440891","0.9935255021695446","true"
"optdigits.tes:0643","test","0.9935462148155056","0.9993137708528589","true"
"optdigits.tes:0644","test","0.7238660848799704","0.803559377416258","true"
"optdigits.tes:0645","test","0.949422025536431","0.9901388189902932","true"
"optdigits.tes:0646","test","0.7780237091275339","0.8843018606995269","true"
"optdigits.tes:0647","test","0.9958331856406031","0.9996218177565103","true"
"optdigits.tes:0648","test","0.970608224043626","0.9929334969126108","true"
"optdigits.tes:0649","test","0.5365551990070957","0.5598877953375595","true"
"optdigits.tes:0650","test","0.9783077982168114","0.9965783323739207","true"
"optdigits.tes:0651","test","0.9377171876985516","0.9784550740748112","true"
"optdigits.tes:0652","test","0.9774890000277558","0.9964968183500302","true"
"optdigits.tes:0653","test","0.9974547327487812","0.9998140516901916","true"
"optdigits.tes:0654","test","0.9990156252161455","0.9999538227075023","true"
"optdigits.tes:0655","test","0.9957701727445373","0.9996385328541719","true"
"optdigits.tes:0656","test","0.9378389429797598","0.982124346985354","true"
"optdigits.tes:0657","test","0.951842858194339","0.9900198690745842","true"
"optdigits.tes:0658","test","0.8917115855982856","0.9535227541158108","true"
"optdigits.tes:0659","test","0.45554889777065466","0.48907399696299947","false"
"optdigits.tes:0660","test","0.947073811123866","0.9868538606748289","true"
"optdigits.tes:0661","test","0.9930337118384625","0.9989815653855251","true"
"optdigits.tes:0662","test","0.9901358701400127","0.9990778253443037","true"
"optdigits.tes:0663","test","0.9887002713294816","0.9980794901538261","true"
"optdigits.tes:0664","test","0.9945401221212259","0.9995036301627076","true"
"optdigits.tes:0665","test","0.9878739789271757","0.9987905219905485","true"
"optdigits.tes:0666","test","0.5177804343235964","0.5680716915391208","false"
"optdigits.tes:0667","test","0.9878633884515707","0.9985911895043246","true"
"optdigits.tes:0668","test","0.8892120624906286","0.9632322740029952","true"
"optdigits.tes:0669","test","0.942958918471138","0.9806806357450515","true"
"optdigits.tes:0670","test","0.9951530622650182","0.9995938870072805","true"
"optdigits.tes:0671","test","0.8650106592547957","0.9351842724589989","true"
"optdigits.tes:0672","test","0.9928672328711187","0.9993411559562049","true"
"optdigits.tes:0673","test","0.9944523148763507","0.9994226220319774","true"
"optdigits.tes:0674","test","0.992564950124094","0.9992658431399575","true"
"optdigits.tes:0675","test","0.9891117902345762","0.9987589762666796","true"
"optdigits.tes:0676","test","0.690131177763435","0.7865999071517747","true"
"optdigits.tes:0677","test","0.9884915941914035","0.998638684795307","true"
"optdigits.tes:0678","test","0.6631155330128121","0.7821303114998581","false"
"optdigits.tes:0679","test","0.6721678478241198","0.81975188763444","true"
"optdigits.tes:0680","test","0.9940614983824427","0.9993043537530738","true"
"optdigits.tes:0681","test","0.9958324966330728","0.9995905888591222","true"
"optdigits.tes:0682","test","0.9218656913420996","0.9829069692710126","true"
"optdigits.tes:0683","test","0.9989681515848523","0.999956574871726","true"
"optdigits.tes:0684","test","0.5443061907068458","0.5808229875815949","false"
"optdigits.tes:0685","test","0.9918778705656274","0.9992379793936735","true"
"optdigits.tes:0686","test","0.7049602344663565","0.8147561506244232","false"
"optdigits.tes:0687","test","0.9950494596298021","0.9996097164359136","true"
"optdigits.tes:0688","test","0.746545455595978","0.8413574588149876","true"
"optdigits.tes:0689","test","0.8466464525961642","0.9204705400674961","true"
"optdigits.tes:0690","test","0.9666069292696703","0.9911452120824358","true"
"optdigits.tes:0691","test","0.9859603970533849","0.9980648136039597","true"
"optdigits.tes:0692","test","0.8581521334974102","0.9463443639052878","true"
"optdigits.tes:0693","test","0.9990853348741356","0.9999643699708014","true"
"optdigits.tes:0694","test","0.9084984019505685","0.9649574329885834","true"
"optdigits.tes:0695","test","0.9992011463229779","0.9999680199380333","true"
"optdigits.tes:0696","test","0.9776909122751188","0.9961564258043683","true"
"optdigits.tes:0697","test","0.8610247525599724","0.936212507425939","true"
"optdigits.tes:0698","test","0.5400320304578757","0.5989507872796048","true"
"optdigits.tes:0699","test","0.9953194371539174","0.9996226067162296","true"
"optdigits.tes:0700","test","0.9952200848535703","0.9996936219995657","true"
"optdigits.tes:0701","test","0.5946573135807396","0.6919553188656073","true"
"optdigits.tes:0702","test","0.856845576855438","0.9284467834046741","true"
"optdigits.tes:0703","test","0.9914354742031667","0.9991642373692117","true"
"optdigits.tes:0704","test","0.7149012845447573","0.8540960562769961","true"
"optdigits.tes:0705","test","0.9903560708460791","0.9989270139082101","true"
"optdigits.tes:0706","test","0.9433182371223339","0.9839800266264372","true"
"optdigits.tes:0707","test","0.9976934298164952","0.9998457961410884","true"
"optdigits.tes:0708","test","0.9983251077671356","0.9998977200258287","true"
"optdigits.tes:0709","test","0.9843339167179641","0.9973662610531872","true"
"optdigits.tes:0710","test","0.9989178253245539","0.9999460089471635","true"
"optdigits.tes:0711","test","0.9728245826199912","0.9954112641217857","true"
"optdigits.tes:0712","test","0.9965007996610573","0.9997123215505886","true"
"optdigits.tes:0713","test","0.9896747897207497","0.9984769863974897","true"
"optdigits.tes:0714","test","0.9885679328800113","0.9983995382524111","true"
"optdigits.tes:0715","test","0.8511738137829408","0.921076610124948","true"
"optdigits.tes:0716","test","0.6917013010040914","0.7983734283867354","true"
"optdigits.tes:0717","test","0.905572614407257","0.9617375034670096","true"
"optdigits.tes:0718","test","0.9841752217138522","0.997621559649224","true"
"optdigits.tes:0719","test","0.9982190966836848","0.9999074014663298","true"
"optdigits.tes:0720","test","0.5037659930830393","0.5823470783088933","false"
"optdigits.tes:0721","test","0.9826151309130411","0.9980947009250186","true"
"optdigits.tes:0722","test","0.712405995155118","0.8146831636500993","true"
"optdigits.tes:0723","test","0.9184662828280477","0.9778134672461714","true"
"optdigits.tes:0724","test","0.6026601890716237","0.7144251105408345","false"
"optdigits.tes:0725","test","0.9991302635604448","0.999965352501009","true"
"optdigits.tes:0726","test","0.9975881928895933","0.9998572017363375","true"
"optdigits.tes:0727","test","0.961617042579537","0.991956345358655","true"
"optdigits.tes:0728","test","0.9677724489277831","0.9937222671322765","true"
"optdigits.tes:0729","test","0.9923958992689397","0.9990445056074904","true"
"optdigits.tes:0730","test","0.983893445852809","0.9976225308722704","true"
"optdigits.tes:0731","test","0.964541628824386","0.9925950658713455","true"
"optdigits.tes:0732","test","0.5537672769510211","0.6116925861990283","false"
"optdigits.tes:0733","test","0.9922406483322057","0.9989797561112369","true"
"optdigits.tes:0734","test","0.987574833059712","0.9978401736628725","true"
"optdigits.tes:0735","test","0.9671303517226201","0.9922034748573619","true"
"optdigits.tes:0736","test","0.9800850455155878","0.9969400267020951","true"
"optdigits.tes:0737","test","0.6022947942924117","0.6615391950413327","false"
"optdigits.tes:0738","test","0.9616363634806387","0.9922549540788461","true"
"optdigits.tes:0739","test","0.8266650676725611","0.9254262218548117","true"
"optdigits.tes:0740","test","0.847704395384396","0.9199746100054184","true"
"optdigits.tes:0741","test","0.9763692573963605","0.9961377924040696","true"
"optdigits.tes:0742","test","0.9988225019494329","0.9999438405553853","true"
"optdigits.tes:0743","test","0.9867467500465712","0.9985721730387659","true"
"optdigits.tes:0744","test","0.973326748933011","0.9958992953537807","true"
"optdigits.tes:0745","test","0.9820463829319314","0.9971730909523947","true"
"optdigits.tes:0746","test","0.8237148240531798","0.9092501620247476","true"
"optdigits.tes:0747","test","0.5503313664672344","0.6705954134783225","false"
"optdigits.tes:0748","test","0.9923154828906516","0.9992669673253352","true"
"optdigits.tes:0749","test","0.9689658052508932","0.9918877402834501","true"
"optdigits.tes:0750","test","0.9992101631689381","0.9999702971383087","true"
"optdigits.tes:0751","test","0.9824348159854983","0.9968116361089983","true"
"optdigits.tes:0752","test","0.7169394379522158","0.8304434882008819","false"
"optdigits.tes:0753","test","0.9840415308382479","0.9971848447856041","true"
"optdigits.tes:0754","test","0.7645684380261222","0.8586364993608493","true"
"optdigits.tes:0755","test","0.9913223468452476","0.9989735558624967","true"
"optdigits.tes:0756","test","0.999803551216889","0.9999956461048035","true"
"optdigits.tes:0757","test","0.9784211759301807","0.9962540312128151","true"
"optdigits.tes:0758","test","0.9530126284964057","0.9898573138343156","true"
"optdigits.tes:0759","test","0.978601259858308","0.9956258236701608","true"
"optdigits.tes:0760","test","0.6879557202540145","0.7956489370152718","true"
"optdigits.tes:0761","test","0.9860110918197764","0.9984438451536222","true"
"optdigits.tes:0762","test","0.7347272533184694","0.8347061141991021","true"
"optdigits.tes:0763","test","0.8171517063065088","0.89890496327654","true"
"optdigits.tes:0764","test","0.9983409058020744","0.9999217063369433","true"
"optdigits.tes:0765","test","0.9960668149038339","0.9997111846771903","true"
"optdigits.tes:0766","test","0.6941631926260801","0.7826415043153693","false"
"optdigits.tes:0767","test","0.939355807317055","0.9815521858428623","true"
"optdigits.tes:0768","test","0.9977136856191279","0.9997970003613109","true"
"optdigits.tes:0769","test","0.9883922160692077","0.9986444733905184","true"
"optdigits.tes:0770","test","0.6799917833707531","0.8018031347933892","true"
"optdigits.tes:0771","test","0.9215710938572125","0.9782497725015291","true"
"optdigits.tes:0772","test","0.9445541022885934","0.9842810159084613","true"
"optdigits.tes:0773","test","0.995735258488606","0.9996628602997476","true"
"optdigits.tes:0774","test","0.9956938765655035","0.9996391894241416","true"
"optdigits.tes:0775","test","0.6559055607113933","0.7671502763273298","true"
"optdigits.tes:0776","test","0.9982529004536231","0.9999041849179218","true"
"optdigits.tes:0777","test","0.7034827930653816","0.7829447239771224","true"
"optdigits.tes:0778","test","0.9656604928187519","0.9942620973310914","true"
"optdigits.tes:0779","test","0.9967652370367829","0.9997595007538583","true"
"optdigits.tes:0780","test","0.8526895906050456","0.9246609485232083","true"
"optdigits.tes:0781","test","0.7146497958966095","0.7958282606991851","true"
"optdigits.tes:0782","test","0.9991133546510588","0.9999652810222563","true"
"optdigits.tes:0783","test","0.8561799752603357","0.9483126356179312","true"
"optdigits.tes:0784","test","0.9963263465967824","0.9997186197761583","true"
"optdigits.tes:0785","test","0.4364369399826876","0.5060471987332852","false"
"optdigits.tes:0786","test","0.963561261779746","0.9926487991777888","true"
"optdigits.tes:0787","test","0.9963786253700642","0.9997538072530457","true"
"optdigits.tes:0788","test","0.9156342362126973","0.9761316112717591","true"
"optdigits.tes:0789","test","0.9979516953179374","0.9998417513157256","true"
"optdigits.tes:0790","test","0.998355232248621","0.9999085347064196","true"
"optdigits.tes:0791","test","0.9484347703270091","0.9859188693494891","true"
"optdigits.tes:0792","test","0.997627921885866","0.9998486926359386","true"
"optdigits.tes:0793","test","0.703925646430815","0.835851410926539","false"
"optdigits.tes:0794","test","0.9944136179830964","0.9995367353252455","true"
"optdigits.tes:0795","test","0.8227666333581092","0.9198838104676972","false"
"optdigits.tes:0796","test","0.834608778321049","0.9320385665817255","true"
"optdigits.tes:0797","test","0.9607746238723954","0.9903700468282399","true"
"optdigits.tes:0798","test","0.9705784384879458","0.9947836612443551","true"
"optdigits.tes:0799","test","0.9931112916242556","0.9992534589950249","true"
"optdigits.tes:0800","test","0.9972668116282246","0.999787757709756","true"
"optdigits.tes:0801","test","0.9947314903336707","0.9994781230803476","true"
"optdigits.tes:0802","test","0.9977656269552566","0.9998478785375451","true"
"optdigits.tes:0803","test","0.8928719984055038","0.9682258401591424","true"
"optdigits.tes:0804","test","0.9970065754482688","0.9997937816937821","true"
"optdigits.tes:0805","test","0.8294860420114156","0.9310198390661107","true"
"optdigits.tes:0806","test","0.8890080555590072","0.9647147260015907","true"
"optdigits.tes:0807","test","0.9936255681817956","0.9994134917134547","true"
"optdigits.tes:0808","test","0.9433767500021322","0.9873567912278546","true"
"optdigits.tes:0809","test","0.9202076758961548","0.9808190527759266","true"
"optdigits.tes:0810","test","0.9983937343066802","0.9999116556073883","true"
"optdigits.tes:0811","test","0.973231647699749","0.9950118246969738","true"
"optdigits.tes:0812","test","0.9958431139847993","0.9996892569576741","true"
"optdigits.tes:0813","test","0.9970926343720973","0.9998139079214046","true"
"optdigits.tes:0814","test","0.6751442330529853","0.8462795663431933","true"
"optdigits.tes:0815","test","0.4005977458679534","0.5018521419610612","true"
"optdigits.tes:0816","test","0.9640047026640665","0.99264049531195","true"
"optdigits.tes:0817","test","0.5573888197615752","0.6487602286147667","false"
"optdigits.tes:0818","test","0.9967338314470131","0.9997524309621331","true"
"optdigits.tes:0819","test","0.7603010743605781","0.8363429773373854","true"
"optdigits.tes:0820","test","0.9966242137429427","0.999771968628694","true"
"optdigits.tes:0821","test","0.994278366487024","0.9994757254259802","true"
"optdigits.tes:0822","test","0.9811285256475293","0.9969202591108143","true"
"optdigits.tes:0823","test","0.9976138665768155","0.9998378552776553","true"
"optdigits.tes:0824","test","0.8785629004633508","0.9415807837381839","true"
"optdigits.tes:0825","test","0.9692344651273328","0.9925284066338971","true"
"optdigits.tes:0826","test","0.9854973630225468","0.9977084594569461","true"
"optdigits.tes:0827","test","0.9884183067119954","0.9983663197329735","true"
"optdigits.tes:0828","test","0.9739487510658572","0.9959692626553359","true"
"optdigits.tes:0829","test","0.9588103089694165","0.98982271911899","true"
"optdigits.tes:0830","test","0.4897488970427374","0.5796635856132785","false"
"optdigits.tes:0831","test","0.9753258231344135","0.9955769249349485","true"
"optdigits.tes:0832","test","0.9895263009489595","0.9988956888319306","true"
"optdigits.tes:0833","test","0.5288976405389305","0.6060456313533773","true"
"optdigits.tes:0834","test","0.97124926622526","0.9954401402077592","true"
"optdigits.tes:0835","test","0.983460999714982","0.9974507671316867","true"
"optdigits.tes:0836","test","0.9901337833493649","0.9987025708009312","true"
"optdigits.tes:0837","test","0.9862569603303651","0.9981130539426982","true"
"optdigits.tes:0838","test","0.9932612177863747","0.9992517537334042","true"
"optdigits.tes:0839","test","0.9799030338560426","0.9960285206812649","true"
"optdigits.tes:0840","test","0.9950548449687129","0.9995505902398668","true"
"optdigits.tes:0841","test","0.9976061551772492","0.9998486143876671","true"
"optdigits.tes:0842","test","0.991196477723037","0.9991185583900718","true"
"optdigits.tes:0843","test","0.9689772791717716","0.9924978408016413","true"
"optdigits.tes:0844","test","0.6023857281769714","0.7194259768949544","false"
"optdigits.tes:0845","test","0.9399724687056488","0.9793902094218365","true"
"optdigits.tes:0846","test","0.9488429688181279","0.9901052663182767","true"
"optdigits.tes:0847","test","0.9689247961399334","0.9936428458377153","true"
"optdigits.tes:0848","test","0.9676316795197272","0.9947713330629202","true"
"optdigits.tes:0849","test","0.9978278101677757","0.9998640944966983","true"
"optdigits.tes:0850","test","0.9857156865852201","0.998159982973308","true"
"optdigits.tes:0851","test","0.9922115008172672","0.9992944915551992","true"
"optdigits.tes:0852","test","0.9830019552752834","0.9976323719334501","true"
"optdigits.tes:0853","test","0.5725161127648194","0.7053505324389946","true"
"optdigits.tes:0854","test","0.992434338774352","0.999237041144687","true"
"optdigits.tes:0855","test","0.9830513269604172","0.9976037728279952","true"
"optdigits.tes:0856","test","0.9895096435605157","0.9988532642923938","true"
"optdigits.tes:0857","test","0.8943612321820269","0.9688766348071872","true"
"optdigits.tes:0858","test","0.92502064716622","0.9726664444798969","true"
"optdigits.tes:0859","test","0.9903640261673157","0.998880626846869","true"
"optdigits.tes:0860","test","0.9983301064726836","0.9999130831942553","true"
"optdigits.tes:0861","test","0.9777796122276275","0.9962278767433119","true"
"optdigits.tes:0862","test","0.6427974945453591","0.7052544883905101","true"
"optdigits.tes:0863","test","0.9955203057655825","0.9995573978388541","true"
"optdigits.tes:0864","test","0.9832515212864431","0.9970135032946972","true"
"optdigits.tes:0865","test","0.9494919433133583","0.9895298060942178","true"
"optdigits.tes:0866","test","0.9984845708199414","0.9999210676008776","true"
"optdigits.tes:0867","test","0.9407564569803882","0.9843006636802113","true"
"optdigits.tes:0868","test","0.9968325547004553","0.9997430010876472","true"
"optdigits.tes:0869","test","0.9622788612891513","0.9931036507022045","true"
"optdigits.tes:0870","test","0.9812195565237904","0.9969081830731579","true"
"optdigits.tes:0871","test","0.9972741304206811","0.9998187717602143","true"
"optdigits.tes:0872","test","0.9913600924651812","0.9991033189639961","true"
"optdigits.tes:0873","test","0.32213568651150326","0.3704827642503068","true"
"optdigits.tes:0874","test","0.9933515473309603","0.9991831098964035","true"
"optdigits.tes:0875","test","0.9890586390692344","0.998580807765505","true"
"optdigits.tes:0876","test","0.977151450377263","0.9963173106232565","true"
"optdigits.tes:0877","test","0.975241409362032","0.9951398156816476","true"
"optdigits.tes:0878","test","0.9892915818122788","0.9988618013678666","true"
"optdigits.tes:0879","test","0.9942995330756279","0.9995417117294981","true"
"optdigits.tes:0880","test","0.9572267808153795","0.99141709743426","true"
"optdigits.tes:0881","test","0.9116082061229117","0.9699366445336444","true"
"optdigits.tes:0882","test","0.9634213475724988","0.9931669469974892","true"
"optdigits.tes:0883","test","0.9928788701694864","0.9992783072335808","true"
"optdigits.tes:0884","test","0.9027260298165829","0.9661776821466935","true"
"optdigits.tes:0885","test","0.9938227329011795","0.9993299016746071","true"
"optdigits.tes:0886","test","0.9990816454112539","0.999959488303129","true"
"optdigits.tes:0887","test","0.9901248070475724","0.9984778866194169","true"
"optdigits.tes:0888","test","0.9510257021293665","0.9868149693927976","true"
"optdigits.tes:0889","test","0.9778911459174559","0.9958611189290364","true"
"optdigits.tes:0890","test","0.9852379725369532","0.9981876248232036","true"
"optdigits.tes:0891","test","0.5913734125542186","0.6977269538671231","false"
"optdigits.tes:0892","test","0.7269787410845583","0.8189984660228552","true"
"optdigits.tes:0893","test","0.9072153539647215","0.9668689447078449","true"
"optdigits.tes:0894","test","0.9968143633412294","0.9997668424503069","true"
"optdigits.tes:0895","test","0.9594862644856855","0.9914122699603282","true"
"optdigits.tes:0896","test","0.9448534840142948","0.9885010129339177","true"
"optdigits.tes:0897","test","0.9985150126822677","0.9999170092398142","true"
"optdigits.tes:0898","test","0.9631252069498509","0.9899498213206827","true"
"optdigits.tes:0899","test","0.45381241422421426","0.5439500256424379","true"
"optdigits.tes:0900","test","0.4933126733136451","0.6495816341320882","true"
"optdigits.tes:0901","test","0.9943368826768941","0.9994076198826214","true"
"optdigits.tes:0902","test","0.7134370316555186","0.8352321467045905","true"
"optdigits.tes:0903","test","0.9775812496191064","0.9965152241695224","true"
"optdigits.tes:0904","test","0.5831511510009483","0.6647980261074901","true"
"optdigits.tes:0905","test","0.9313466076855899","0.9819073527528002","true"
"optdigits.tes:0906","test","0.8014933728174253","0.9102114808262919","false"
"optdigits.tes:0907","test","0.7138292303155567","0.8391879027176763","true"
"optdigits.tes:0908","test","0.996979379578407","0.999786742503026","true"
"optdigits.tes:0909","test","0.9030890781620418","0.9684736128728058","true"
"optdigits.tes:0910","test","0.9968785393148675","0.9997494242741264","true"
"optdigits.tes:0911","test","0.9902422991714752","0.9987952242836659","true"
"optdigits.tes:0912","test","0.9938651812904264","0.9994485888564038","true"
"optdigits.tes:0913","test","0.8157636224848174","0.9298252788325562","true"
"optdigits.tes:0914","test","0.9923039608490742","0.9990867169205637","true"
"optdigits.tes:0915","test","0.9741508889018244","0.9961667599689316","true"
"optdigits.tes:0916","test","0.9743316591446947","0.9962502625625942","true"
"optdigits.tes:0917","test","0.7203014873960581","0.8251959492681628","true"
"optdigits.tes:0918","test","0.9577763371123988","0.9911417072388528","true"
"optdigits.tes:0919","test","0.9820027334172369","0.9977440725722744","true"
"optdigits.tes:0920","test","0.998327219646578","0.9998796934538744","true"
"optdigits.tes:0921","test","0.8920162194373653","0.9638527762669664","true"
"optdigits.tes:0922","test","0.9875314725299758","0.9983927397687875","true"
"optdigits.tes:0923","test","0.5601364988290082","0.671339571863601","false"
"optdigits.tes:0924","test","0.933242529721847","0.9824473174128141","true"
"optdigits.tes:0925","test","0.9839783058351712","0.9975015908815427","true"
"optdigits.tes:0926","test","0.9842628816273316","0.9981298189064806","true"
"optdigits.tes:0927","test","0.8820923260878075","0.9635398422261231","true"
"optdigits.tes:0928","test","0.9991318734099409","0.9999555613696667","true"
"optdigits.tes:0929","test","0.9852229814573285","0.9977952398592536","true"
"optdigits.tes:0930","test","0.996590896873585","0.9997751452634377","true"
"optdigits.tes:0931","test","0.7746430000135645","0.8947435039685016","true"
"optdigits.tes:0932","test","0.9923614119215295","0.9992478306692287","true"
"optdigits.tes:0933","test","0.9199573710260449","0.9770567534852583","true"
"optdigits.tes:0934","test","0.9744449565333948","0.9955846340306388","true"
"optdigits.tes:0935","test","0.9817028407740143","0.997413733755393","true"
"optdigits.tes:0936","test","0.9946360549029974","0.9995519009538781","true"
"optdigits.tes:0937","test","0.9810682371553724","0.9971408631390989","true"
"optdigits.tes:0938","test","0.9811644434444124","0.9966594617382831","true"
"optdigits.tes:0939","test","0.9890601073015866","0.9984668811142146","true"
"optdigits.tes:0940","test","0.9988538203990535","0.9999463900387751","true"
"optdigits.tes:0941","test","0.9400563628974732","0.9829152137882148","true"
"optdigits.tes:0942","test","0.9730858926318998","0.9959542392306582","true"
"optdigits.tes:0943","test","0.9395191226838191","0.9846968360898823","true"
"optdigits.tes:0944","test","0.9964263145519583","0.9997240068377935","true"
"optdigits.tes:0945","test","0.972073622400059","0.9956369100384697","true"
"optdigits.tes:0946","test","0.9718245643496589","0.9943657249104115","true"
"optdigits.tes:0947","test","0.9953890397167021","0.9996566194066565","true"
"optdigits.tes:0948","test","0.9335929336023766","0.97789165824798","true"
"optdigits.tes:0949","test","0.9578320697898959","0.9921840094292882","true"
"optdigits.tes:0950","test","0.8941627942251139","0.9730127672853841","true"
"optdigits.tes:0951","test","0.9702705925842854","0.994549735453933","true"
"optdigits.tes:0952","test","0.8653406924748192","0.9371800034571368","true"
"optdigits.tes:0953","test","0.7919971716291602","0.9035029447627965","true"
"optdigits.tes:0954","test","0.9956137359105286","0.9995581651987082","true"
"optdigits.tes:0955","test","0.8732580469050609","0.9561820084543919","true"
"optdigits.tes:0956","test","0.9042439055142587","0.9693870330953972","true"
"optdigits.tes:0957","test","0.9891787972072831","0.9984179271488358","true"
"optdigits.tes:0958","test","0.9887067773917222","0.9988326609475755","true"
"optdigits.tes:0959","test","0.8834055802282005","0.9660191183934128","true"
"optdigits.tes:0960","test","0.986984966939519","0.9977054669669561","true"
"optdigits.tes:0961","test","0.9906968926572253","0.9989619047668093","true"
"optdigits.tes:0962","test","0.9856807865106912","0.9979844577104084","true"
"optdigits.tes:0963","test","0.9886763845279558","0.9987397386990381","true"
"optdigits.tes:0964","test","0.9245574132503195","0.9806796785698731","true"
"optdigits.tes:0965","test","0.5954581967115382","0.7331503261805159","true"
"optdigits.tes:0966","test","0.815882959397994","0.9231390353298683","true"
"optdigits.tes:0967","test","0.9963013996789916","0.9997338942755766","true"
"optdigits.tes:0968","test","0.998749037419434","0.9999383238961871","true"
"optdigits.tes:0969","test","0.9981541298170127","0.9998900395615776","true"
"optdigits.tes:0970","test","0.9970276369449411","0.9997909174489537","true"
"optdigits.tes:0971","test","0.9981274423511213","0.9998926238981138","true"
"optdigits.tes:0972","test","0.9693202264042508","0.9948717486664939","true"
"optdigits.tes:0973","test","0.9559745329740372","0.9897435153074754","true"
"optdigits.tes:0974","test","0.9948638988193904","0.9994674675146241","true"
"optdigits.tes:0975","test","0.9438981805787467","0.9888068560264153","true"
"optdigits.tes:0976","test","0.9380958730937988","0.985718684281975","true"
"optdigits.tes:0977","test","0.9798703273925999","0.9965759715666062","true"
"optdigits.tes:0978","test","0.998110227277334","0.9998583387125263","true"
"optdigits.tes:0979","test","0.9764789374510653","0.9953364651675646","true"
"optdigits.tes:0980","test","0.9550369767577498","0.9861907680914886","true"
"optdigits.tes:0981","test","0.5717411220307783","0.6460339800835335","true"
"optdigits.tes:0982","test","0.9704345891220704","0.9948120300501385","true"
"optdigits.tes:0983","test","0.9786408146204159","0.996443595304801","true"
"optdigits.tes:0984","test","0.9962530874203458","0.9997097717810082","true"
"optdigits.tes:0985","test","0.9978955795657892","0.9998797771068055","true"
"optdigits.tes:0986","test","0.45063296982815465","0.534506686121478","true"
"optdigits.tes:0987","test","0.9979693003776782","0.9998589318911439","true"
"optdigits.tes:0988","test","0.8678585414316877","0.9544794619581364","true"
"optdigits.tes:0989","test","0.9922180031962254","0.9988157178286892","true"
"optdigits.tes:0990","test","0.9984804895244829","0.9999057557528354","true"
"optdigits.tes:0991","test","0.9144734073383155","0.9753942672726968","true"
"optdigits.tes:0992","test","0.9292255224704239","0.9791563977555146","true"
"optdigits.tes:0993","test","0.9353045285099482","0.9854993819272351","true"
"optdigits.tes:0994","test","0.7350411506714835","0.8311527694676584","true"
"optdigits.tes:0995","test","0.9343735227930496","0.9829441972429459","true"
"optdigits.tes:0996","test","0.9242260363921455","0.9804126191644935","true"
"optdigits.tes:0997","test","0.9982688357262345","0.9999115355975583","true"
"optdigits.tes:0998","test","0.5122858123902063","0.6032940932059396","true"
"optdigits.tes:0999","test","0.9947459433483006","0.9996113406751812","true"
"optdigits.tes:1000","test","0.9914280833512139","0.9991212438294887","true"
"optdigits.tes:1001","test","0.8473410399996193","0.9336692541404589","true"
"optdigits.tes:1002","test","0.9987102368341458","0.999931418320495","true"
"optdigits.tes:1003","test","0.9908002703085909","0.9989844630248202","true"
"optdigits.tes:1004","test","0.9886157834717934","0.9984514162050608","true"
"optdigits.tes:1005","test","0.9566961756314847","0.9902327136754816","true"
"optdigits.tes:1006","test","0.9988621571346021","0.9999465221640188","true"
"optdigits.tes:1007","test","0.9683298130537213","0.9930822395552609","true"
"optdigits.tes:1008","test","0.9946298492737684","0.999478137853642","true"
"optdigits.tes:1009","test","0.8956194121183524","0.9703158613771882","true"
"optdigits.tes:1010","test","0.9372553543381557","0.9868600324719012","true"
"optdigits.tes:1011","test","0.959351329821354","0.9878847162987999","true"
"optdigits.tes:1012","test","0.998696727058046","0.9999350516104595","true"
"optdigits.tes:1013","test","0.9970522802147572","0.9997706947109083","true"
"optdigits.tes:1014","test","0.9837051288758052","0.9978262612058376","true"
"optdigits.tes:1015","test","0.9962320745007591","0.9997308235537505","true"
"optdigits.tes:1016","test","0.9817974846959256","0.9974692934732097","true"
"optdigits.tes:1017","test","0.9445332072668572","0.9824090308085413","true"
"optdigits.tes:1018","test","0.9966955441316913","0.9997316215979509","true"
"optdigits.tes:1019","test","0.8041146893071516","0.8841438394919667","true"
"optdigits.tes:1020","test","0.892854724623878","0.9646814291844741","true"
"optdigits.tes:1021","test","0.9729826913547268","0.9937210337365598","true"
"optdigits.tes:1022","test","0.9761827153062776","0.9954148579617599","true"
"optdigits.tes:1023","test","0.9844113936596466","0.997191463463452","true"
"optdigits.tes:1024","test","0.9983491743602632","0.9999213758106157","true"
"optdigits.tes:1025","test","0.9335507978502201","0.9819322924271234","true"
"optdigits.tes:1026","test","0.5556692130755568","0.6833849916350991","true"
"optdigits.tes:1027","test","0.7691100829108939","0.8906027335876113","true"
"optdigits.tes:1028","test","0.9787174981177537","0.9962336049697804","true"
"optdigits.tes:1029","test","0.996193348853077","0.9997038595752329","true"
"optdigits.tes:1030","test","0.9933645725578646","0.999431495432832","true"
"optdigits.tes:1031","test","0.9589887743066987","0.9888307007267187","true"
"optdigits.tes:1032","test","0.9979546656091808","0.9998860738788153","true"
"optdigits.tes:1033","test","0.8278644182111575","0.9150643905703093","true"
"optdigits.tes:1034","test","0.9086054528244685","0.962361702152907","true"
"optdigits.tes:1035","test","0.9983647784469842","0.999921882712861","true"
"optdigits.tes:1036","test","0.9953162202627928","0.9995500121848093","true"
"optdigits.tes:1037","test","0.9978232854142914","0.9998652871040296","true"
"optdigits.tes:1038","test","0.7295259588123647","0.8728273589108212","true"
"optdigits.tes:1039","test","0.47493721438994896","0.5313903203846978","false"
"optdigits.tes:1040","test","0.998522283584445","0.9999238569040898","true"
"optdigits.tes:1041","test","0.9942474277539733","0.999415770770601","true"
"optdigits.tes:1042","test","0.997645430283153","0.9998279288327347","true"
"optdigits.tes:1043","test","0.8873372010047473","0.9564757211281136","true"
"optdigits.tes:1044","test","0.9428947112383259","0.9808756480579387","true"
"optdigits.tes:1045","test","0.9966164513227991","0.9997024385796975","true"
"optdigits.tes:1046","test","0.9846281294055925","0.9976965472930406","true"
"optdigits.tes:1047","test","0.9892053456554697","0.9988679145115762","true"
"optdigits.tes:1048","test","0.9181992411207301","0.9778635681790998","true"
"optdigits.tes:1049","test","0.9554606786753616","0.9908822439504547","true"
"optdigits.tes:1050","test","0.9742037179778371","0.9950742788365173","true"
"optdigits.tes:1051","test","0.994159408540715","0.9994933037548251","true"
"optdigits.tes:1052","test","0.9966625746312278","0.9997050637364583","true"
"optdigits.tes:1053","test","0.9337919197624752","0.9780269560026366","true"
"optdigits.tes:1054","test","0.984597208135379","0.9980813866747202","true"
"optdigits.tes:1055","test","0.996537578989815","0.9996121319773719","true"
"optdigits.tes:1056","test","0.997615187173473","0.9998378712802615","true"
"optdigits.tes:1057","test","0.9888396001639209","0.9989802361386521","true"
"optdigits.tes:1058","test","0.8284754304465812","0.915374395256751","true"
"optdigits.tes:1059","test","0.6046603675812301","0.714359617417848","true"
"optdigits.tes:1060","test","0.9934044489829335","0.9993669240300916","true"
"optdigits.tes:1061","test","0.9180256633827129","0.979694323594673","true"
"optdigits.tes:1062","test","0.9979176191821482","0.9998886119108222","true"
"optdigits.tes:1063","test","0.9977773224660578","0.9998686800840091","true"
"optdigits.tes:1064","test","0.9823071100891339","0.9968346380290846","true"
"optdigits.tes:1065","test","0.9788497462013929","0.9959555933538567","true"
"optdigits.tes:1066","test","0.993152924083086","0.9992286984189825","true"
"optdigits.tes:1067","test","0.9468712292498369","0.988229561566927","true"
"optdigits.tes:1068","test","0.9446477616539787","0.9887817057709662","true"
"optdigits.tes:1069","test","0.7205163064734919","0.8493673458822757","true"
"optdigits.tes:1070","test","0.996729726738873","0.9997239698135456","true"
"optdigits.tes:1071","test","0.9917897905926187","0.9990965809402121","true"
"optdigits.tes:1072","test","0.7390918984708268","0.8143800973951436","true"
"optdigits.tes:1073","test","0.9517384511559995","0.9886428175357287","true"
"optdigits.tes:1074","test","0.9695917970757586","0.9954091024003286","true"
"optdigits.tes:1075","test","0.9712187579044548","0.9932705461366697","true"
"optdigits.tes:1076","test","0.9916366511422262","0.9990334884883748","true"
"optdigits.tes:1077","test","0.9874019623331503","0.9982484254817873","true"
"optdigits.tes:1078","test","0.8419711566946949","0.93206673065683","true"
"optdigits.tes:1079","test","0.6389420507497056","0.7457828454948556","true"
"optdigits.tes:1080","test","0.9910477947292837","0.9991831303947716","true"
"optdigits.tes:1081","test","0.9104436447022958","0.9785770143035398","true"
"optdigits.tes:1082","test","0.9976330333345855","0.9998539593257599","true"
"optdigits.tes:1083","test","0.9922875080813599","0.9991050103361779","true"
"optdigits.tes:1084","test","0.5765148904140532","0.6449298197844349","true"
"optdigits.tes:1085","test","0.9986523794758074","0.9999161096701404","true"
"optdigits.tes:1086","test","0.9965346431589719","0.9997671831305097","true"
"optdigits.tes:1087","test","0.9883374329081552","0.9981728992841685","true"
"optdigits.tes:1088","test","0.9897361870214763","0.9983260568077915","true"
"optdigits.tes:1089","test","0.7764961282418991","0.8579715270719943","true"
"optdigits.tes:1090","test","0.9699123751629233","0.9943425168876385","true"
"optdigits.tes:1091","test","0.9955460472265072","0.9994919468112775","true"
"optdigits.tes:1092","test","0.9539397749520798","0.9870303300819171","true"
"optdigits.tes:1093","test","0.9964794469025297","0.9997336709004705","true"
"optdigits.tes:1094","test","0.9967670700277209","0.9997375432906368","true"
"optdigits.tes:1095","test","0.9987280241266417","0.9999270386238023","true"
"optdigits.tes:1096","test","0.5427542601219909","0.582479904112424","true"
"optdigits.tes:1097","test","0.9092289511819749","0.969740430299469","true"
"optdigits.tes:1098","test","0.9866957795344973","0.9983114425614997","true"
"optdigits.tes:1099","test","0.990617949122779","0.9990140409812608","true"
"optdigits.tes:1100","test","0.9942274910646194","0.9995468735883577","true"
"optdigits.tes:1101","test","0.6399716829139421","0.699709269029473","true"
"optdigits.tes:1102","test","0.9943887320561208","0.9994365354918879","true"
"optdigits.tes:1103","test","0.94769263814454","0.9831688528578972","true"
"optdigits.tes:1104","test","0.9183022867573843","0.9797276625514247","true"
"optdigits.tes:1105","test","0.958122203396992","0.9903611558993152","true"
"optdigits.tes:1106","test","0.9966706024768832","0.99973547141381","true"
"optdigits.tes:1107","test","0.9960482311292048","0.9996707344465621","true"
"optdigits.tes:1108","test","0.9136446489627209","0.9734736839174322","true"
"optdigits.tes:1109","test","0.9911816909036085","0.999042549822893","true"
"optdigits.tes:1110","test","0.9791664983390552","0.9963978938500677","true"
"optdigits.tes:1111","test","0.9704589063783143","0.9929640039307828","true"
"optdigits.tes:1112","test","0.9988295810696636","0.9999225145351394","true"
"optdigits.tes:1113","test","0.9947580605387203","0.999554132209504","true"
"optdigits.tes:1114","test","0.9546527457751439","0.9908466010614254","true"
"optdigits.tes:1115","test","0.938750571521205","0.9812461034826331","true"
"optdigits.tes:1116","test","0.9928067740430734","0.999006395280374","true"
"optdigits.tes:1117","test","0.9810176504020108","0.996785147338818","true"
"optdigits.tes:1118","test","0.7604689820151453","0.8527812774693981","true"
"optdigits.tes:1119","test","0.34269731492062816","0.40016391870701606","false"
"optdigits.tes:1120","test","0.8823358090860028","0.9645740569119634","true"
"optdigits.tes:1121","test","0.9869449863465574","0.9977395004705399","true"
"optdigits.tes:1122","test","0.9589081198351858","0.9913993087470604","true"
"optdigits.tes:1123","test","0.9967153097270379","0.9998005166057155","true"
"optdigits.tes:1124","test","0.9764995883941621","0.9961962259728461","true"
"optdigits.tes:1125","test","0.9743198106445334","0.9959938442881704","true"
"optdigits.tes:1126","test","0.7924109831033679","0.8689070860163606","true"
"optdigits.tes:1127","test","0.9111961124566209","0.9735817663313764","true"
"optdigits.tes:1128","test","0.9936466186555595","0.9993881997893342","true"
"optdigits.tes:1129","test","0.9950544773700781","0.9996440261370941","true"
"optdigits.tes:1130","test","0.9789075353400095","0.9967839051033305","true"
"optdigits.tes:1131","test","0.8947078012161794","0.9580463985209645","true"
"optdigits.tes:1132","test","0.9534851712918347","0.991201030121174","true"
"optdigits.tes:1133","test","0.9858627299800456","0.9981537365256934","true"
"optdigits.tes:1134","test","0.9985238348339612","0.9999249272259405","true"
"optdigits.tes:1135","test","0.9761268597610812","0.9955806201592493","true"
"optdigits.tes:1136","test","0.9943266961045163","0.9994177218293242","true"
"optdigits.tes:1137","test","0.966599123044509","0.9945312380454312","true"
"optdigits.tes:1138","test","0.9912626972085572","0.9988379004977669","true"
"optdigits.tes:1139","test","0.8530544577684173","0.924920952194585","true"
"optdigits.tes:1140","test","0.989062218250082","0.9987394213141659","true"
"optdigits.tes:1141","test","0.9986029412896891","0.9999026580764494","true"
"optdigits.tes:1142","test","0.9438729441530076","0.9867376192967818","true"
"optdigits.tes:1143","test","0.9937653999307112","0.9993127769204361","true"
"optdigits.tes:1144","test","0.9383401775140997","0.981919167146291","true"
"optdigits.tes:1145","test","0.9902892601329755","0.9990074167566729","true"
"optdigits.tes:1146","test","0.9898780546516973","0.9989789658604233","true"
"optdigits.tes:1147","test","0.838557383505784","0.9185129554329627","true"
"optdigits.tes:1148","test","0.9622709443784194","0.9924147822125541","true"
"optdigits.tes:1149","test","0.9862337807076698","0.9982188751905685","true"
"optdigits.tes:1150","test","0.46912790583449904","0.5428963152796463","false"
"optdigits.tes:1151","test","0.7175828588114965","0.8272928677625953","true"
"optdigits.tes:1152","test","0.8504482424736532","0.9422864852403249","true"
"optdigits.tes:1153","test","0.8338495937597383","0.9412969498471034","true"
"optdigits.tes:1154","test","0.9867890326351538","0.9983350819426027","true"
"optdigits.tes:1155","test","0.8715366992272033","0.9580940762178222","true"
"optdigits.tes:1156","test","0.9523818634330617","0.9887889001524391","true"
"optdigits.tes:1157","test","0.9223866939600963","0.9817116972886675","true"
"optdigits.tes:1158","test","0.9791080471831333","0.9970239013660932","true"
"optdigits.tes:1159","test","0.9969129346949196","0.9997817150785056","true"
"optdigits.tes:1160","test","0.9967403425015933","0.9997479935770986","true"
"optdigits.tes:1161","test","0.9942747391659549","0.9994203482583868","true"
"optdigits.tes:1162","test","0.9925612497374965","0.9992254514080161","true"
"optdigits.tes:1163","test","0.8751012834562888","0.9535415620540025","true"
"optdigits.tes:1164","test","0.989420571790227","0.9987742400362342","true"
"optdigits.tes:1165","test","0.9865666039085544","0.9982686308245315","true"
"optdigits.tes:1166","test","0.8614194859634127","0.9316677312714869","true"
"optdigits.tes:1167","test","0.9846020172106952","0.998004948776161","true"
"optdigits.tes:1168","test","0.9905050590614184","0.998937004651843","true"
"optdigits.tes:1169","test","0.9918663651405648","0.998905487358428","true"
"optdigits.tes:1170","test","0.9982232874077914","0.9998966393555199","true"
"optdigits.tes:1171","test","0.9933254968666302","0.9991862853853594","true"
"optdigits.tes:1172","test","0.9983976566366404","0.9998968268216228","true"
"optdigits.tes:1173","test","0.9427133913775695","0.9800168096708916","true"
"optdigits.tes:1174","test","0.9872380103413065","0.9984549160608509","true"
"optdigits.tes:1175","test","0.9982938431651822","0.9999150716238493","true"
"optdigits.tes:1176","test","0.9876411402837063","0.9985563892967639","true"
"optdigits.tes:1177","test","0.9847270078672006","0.9981106751479073","true"
"optdigits.tes:1178","test","0.9562274368163924","0.9901961171241538","true"
"optdigits.tes:1179","test","0.9383794994075975","0.9834210041453987","true"
"optdigits.tes:1180","test","0.9107326748950019","0.9625786407647945","true"
"optdigits.tes:1181","test","0.9467437076985815","0.9853403899769395","true"
"optdigits.tes:1182","test","0.9938877028397031","0.9994066932446776","true"
"optdigits.tes:1183","test","0.9857187414657212","0.9978233757167906","true"
"optdigits.tes:1184","test","0.9951742209043526","0.999563651099778","true"
"optdigits.tes:1185","test","0.9812575332718314","0.9966083633438838","true"
"optdigits.tes:1186","test","0.9847144749800609","0.9981334541860325","true"
"optdigits.tes:1187","test","0.952447852037726","0.9913010353616042","true"
"optdigits.tes:1188","test","0.5426388692324228","0.6190867613065576","true"
"optdigits.tes:1189","test","0.9637359242128529","0.9928624020217768","true"
"optdigits.tes:1190","test","0.9393110814236988","0.9844640491589415","true"
"optdigits.tes:1191","test","0.9947366664097325","0.9993743397082814","true"
"optdigits.tes:1192","test","0.9980471689157615","0.9998824117968532","true"
"optdigits.tes:1193","test","0.9984276742820152","0.9999269348902416","true"
"optdigits.tes:1194","test","0.9924275367386395","0.9990823725217148","true"
"optdigits.tes:1195","test","0.9036786039366395","0.9705937317880039","true"
"optdigits.tes:1196","test","0.9542137857477823","0.9913477549139134","true"
"optdigits.tes:1197","test","0.933806184330948","0.9819969095451737","true"
"optdigits.tes:1198","test","0.8430462991186567","0.9290985925415668","false"
"optdigits.tes:1199","test","0.9979696356020603","0.999855359095546","true"
"optdigits.tes:1200","test","0.9786023401419366","0.9965874534619091","true"
"optdigits.tes:1201","test","0.9967889342556339","0.9998004768846729","true"
"optdigits.tes:1202","test","0.9971821915356286","0.999832806688587","true"
"optdigits.tes:1203","test","0.5417879669450272","0.6707022307189145","true"
"optdigits.tes:1204","test","0.9568220595039836","0.9893222203908458","true"
"optdigits.tes:1205","test","0.9849528014924777","0.9979178136266308","true"
"optdigits.tes:1206","test","0.9945571318088207","0.9995268025114721","true"
"optdigits.tes:1207","test","0.9706468368774515","0.9943973000446261","true"
"optdigits.tes:1208","test","0.9865003916728694","0.9977044698024908","true"
"optdigits.tes:1209","test","0.6301175710140834","0.6793399281874248","true"
"optdigits.tes:1210","test","0.9965126833738696","0.9997632265516496","true"
"optdigits.tes:1211","test","0.5344834755913673","0.6591584965056054","true"
"optdigits.tes:1212","test","0.9969183049861889","0.9997482129006637","true"
"optdigits.tes:1213","test","0.969384087793768","0.9946036340947018","true"
"optdigits.tes:1214","test","0.9704537738798128","0.9949454498937491","true"
"optdigits.tes:1215","test","0.9699983629617024","0.9935110914822041","true"
"optdigits.tes:1216","test","0.9900719741051054","0.9989722623358165","true"
"optdigits.tes:1217","test","0.9687738373998747","0.9940761981847643","true"
"optdigits.tes:1218","test","0.9961029648238708","0.9997064013124443","true"
"optdigits.tes:1219","test","0.9569855149093673","0.99134129425197","true"
"optdigits.tes:1220","test","0.986204482425182","0.997988267348077","true"
"optdigits.tes:1221","test","0.9972656403101535","0.9997673567739428","true"
"optdigits.tes:1222","test","0.9793112759562529","0.996239232875015","true"
"optdigits.tes:1223","test","0.9952394668418263","0.9995251859816081","true"
"optdigits.tes:1224","test","0.9967304757260859","0.9997453969124233","true"
"optdigits.tes:1225","test","0.9967952501661789","0.9997353402444198","true"
"optdigits.tes:1226","test","0.9935083805420399","0.9993021779357739","true"
"optdigits.tes:1227","test","0.9728273551991682","0.9948042919059764","true"
"optdigits.tes:1228","test","0.9108036470803955","0.9685872719853069","true"
"optdigits.tes:1229","test","0.9959161117272827","0.9997131203413889","true"
"optdigits.tes:1230","test","0.7537292297961695","0.8297076295461606","false"
"optdigits.tes:1231","test","0.9602471072770277","0.9913184591543885","true"
"optdigits.tes:1232","test","0.8064701599097636","0.8936672142602221","true"
"optdigits.tes:1233","test","0.9958414720298507","0.9995992327661616","true"
"optdigits.tes:1234","test","0.9558021282076251","0.9923329919119356","true"
"optdigits.tes:1235","test","0.9935460657732637","0.9993040477412046","true"
"optdigits.tes:1236","test","0.8778759394240325","0.9581064609508785","true"
"optdigits.tes:1237","test","0.9063963746006399","0.9726135382431145","true"
"optdigits.tes:1238","test","0.9793621502053376","0.9969351380097826","true"
"optdigits.tes:1239","test","0.9959909941041709","0.9996772198156986","true"
"optdigits.tes:1240","test","0.9910574710564404","0.9991398853206817","true"
"optdigits.tes:1241","test","0.9933065983690837","0.9993100317079696","true"
"optdigits.tes:1242","test","0.9269477146950813","0.9736334529735589","true"
"optdigits.tes:1243","test","0.8056544246100239","0.913855268807146","true"
"optdigits.tes:1244","test","0.9907042010351266","0.9989606989919968","true"
"optdigits.tes:1245","test","0.9988126489551208","0.9999400900617231","true"
"optdigits.tes:1246","test","0.9865378642588418","0.9982304893193628","true"
"optdigits.tes:1247","test","0.9892245174285035","0.998483049663959","true"
"optdigits.tes:1248","test","0.9267045105610436","0.9760784634311701","true"
"optdigits.tes:1249","test","0.9914752878781026","0.999058787461726","true"
"optdigits.tes:1250","test","0.8803914194669216","0.949627773264028","true"
"optdigits.tes:1251","test","0.9578816170068201","0.9898059034588695","true"
"optdigits.tes:1252","test","0.9894823510497751","0.9988863241269377","true"
"optdigits.tes:1253","test","0.9927525676576057","0.9991514429670102","true"
"optdigits.tes:1254","test","0.8199921891505714","0.9368798690910499","true"
"optdigits.tes:1255","test","0.9926427817451029","0.9991490628311046","true"
"optdigits.tes:1256","test","0.9975823076485439","0.9998430563656867","true"
"optdigits.tes:1257","test","0.40949789687724797","0.4795515870229433","false"
"optdigits.tes:1258","test","0.9974262179190313","0.999755792712785","true"
"optdigits.tes:1259","test","0.9154165039438331","0.9748452229337756","true"
"optdigits.tes:1260","test","0.9971845270326732","0.9997804097646855","true"
"optdigits.tes:1261","test","0.99194284500088","0.9990591488144132","true"
"optdigits.tes:1262","test","0.9915749831354281","0.9989626001533971","true"
"optdigits.tes:1263","test","0.9666753008260359","0.9923407598747858","true"
"optdigits.tes:1264","test","0.992960245349605","0.9993179410571497","true"
"optdigits.tes:1265","test","0.5207618442644791","0.6336280729360175","false"
"optdigits.tes:1266","test","0.8869223265146502","0.9594489778005515","true"
"optdigits.tes:1267","test","0.9963375354876766","0.9996685320108227","true"
"optdigits.tes:1268","test","0.9858841733307206","0.9973981627816632","true"
"optdigits.tes:1269","test","0.9954419415389311","0.9995181912086258","true"
"optdigits.tes:1270","test","0.9930955568026244","0.9992847629899948","true"
"optdigits.tes:1271","test","0.9404603300260365","0.9845715844572495","true"
"optdigits.tes:1272","test","0.7566296608506088","0.8916092564390931","true"
"optdigits.tes:1273","test","0.9947451419540155","0.9994415370277056","true"
"optdigits.tes:1274","test","0.9878924870093687","0.9980199248711541","true"
"optdigits.tes:1275","test","0.5798954457077059","0.6337374711229187","false"
"optdigits.tes:1276","test","0.9773271862104723","0.9956735799743142","true"
"optdigits.tes:1277","test","0.9658302591963719","0.9926332546547537","true"
"optdigits.tes:1278","test","0.9988168756471897","0.9999422781068319","true"
"optdigits.tes:1279","test","0.9658659355260676","0.9917182162110747","true"
"optdigits.tes:1280","test","0.754354001525069","0.8704046657039859","true"
"optdigits.tes:1281","test","0.9135152842820597","0.9761402127950449","true"
"optdigits.tes:1282","test","0.9623669684138727","0.9931128697858365","true"
"optdigits.tes:1283","test","0.9409150196891444","0.9850455917837246","true"
"optdigits.tes:1284","test","0.4331930941887047","0.48396778935065177","true"
"optdigits.tes:1285","test","0.8469823761581028","0.9408961919009842","true"
"optdigits.tes:1286","test","0.9477314653569904","0.9899080396702611","true"
"optdigits.tes:1287","test","0.9866905476400681","0.9982432178044525","true"
"optdigits.tes:1288","test","0.9516752621281379","0.9865592907788023","true"
"optdigits.tes:1289","test","0.6798534940900915","0.8211863622839571","false"
"optdigits.tes:1290","test","0.9927427265556615","0.9993791483543515","true"
"optdigits.tes:1291","test","0.9991370153696685","0.9999561241749375","true"
"optdigits.tes:1292","test","0.9899076675776743","0.9986585226894458","true"
"optdigits.tes:1293","test","0.9972727765705001","0.9997783357113873","true"
"optdigits.tes:1294","test","0.8622856315540163","0.936622146389382","true"
"optdigits.tes:1295","test","0.9941164473294072","0.9994925849337614","true"
"optdigits.tes:1296","test","0.9829072018917981","0.9970871038418971","true"
"optdigits.tes:1297","test","0.9940495868743899","0.9994920175765709","true"
"optdigits.tes:1298","test","0.9881428794834513","0.9987037115770958","true"
"optdigits.tes:1299","test","0.9794062232545445","0.9970912710130478","true"
"optdigits.tes:1300","test","0.8431402556463069","0.9244144197425247","true"
"optdigits.tes:1301","test","0.9875163383211142","0.9979125745907694","true"
"optdigits.tes:1302","test","0.9214437403284637","0.9716406222346299","true"
"optdigits.tes:1303","test","0.9556777640408","0.9858725583346843","true"
"optdigits.tes:1304","test","0.9450478817539322","0.9826480216142823","true"
"optdigits.tes:1305","test","0.9863690261775367","0.9981642653390927","true"
"optdigits.tes:1306","test","0.9782141126319387","0.996103114571868","true"
"optdigits.tes:1307","test","0.9784658256857557","0.9964295078436468","true"
"optdigits.tes:1308","test","0.9930036103922849","0.9993007892450269","true"
"optdigits.tes:1309","test","0.5664352956662075","0.6676766677648822","true"
"optdigits.tes:1310","test","0.9477232633145216","0.9881259277465562","true"
"optdigits.tes:1311","test","0.9742182818421308","0.995543896966938","true"
"optdigits.tes:1312","test","0.9916575162705625","0.9989099862280124","true"
"optdigits.tes:1313","test","0.99477499935775","0.999503769941801","true"
"optdigits.tes:1314","test","0.9689715263988226","0.9940268543424967","true"
"optdigits.tes:1315","test","0.9967786011522496","0.9997786762735976","true"
"optdigits.tes:1316","test","0.9906755664998355","0.9990488537412826","true"
"optdigits.tes:1317","test","0.9563870818424797","0.990595289024999","true"
"optdigits.tes:1318","test","0.9986744893217364","0.9999330194307317","true"
"optdigits.tes:1319","test","0.968797061873471","0.9945315004344417","true"
"optdigits.tes:1320","test","0.9924527952668964","0.9989938546993992","true"
"optdigits.tes:1321","test","0.9762518929320134","0.9962051459763674","true"
"optdigits.tes:1322","test","0.9922530387392232","0.9992747789549233","true"
"optdigits.tes:1323","test","0.996064424343298","0.99970174688795","true"
"optdigits.tes:1324","test","0.9326135398924155","0.9796916500548415","true"
"optdigits.tes:1325","test","0.9529650917721503","0.9903651919199465","true"
"optdigits.tes:1326","test","0.9814934213014247","0.9973523963532599","true"
"optdigits.tes:1327","test","0.853352657556266","0.944433440407811","true"
"optdigits.tes:1328","test","0.9441247170801097","0.9817457451786511","true"
"optdigits.tes:1329","test","0.9446922251068686","0.9835302564405229","true"
"optdigits.tes:1330","test","0.97511048236775","0.9964917153637579","true"
"optdigits.tes:1331","test","0.8957097152951002","0.964893326667812","true"
"optdigits.tes:1332","test","0.9699017600954288","0.9946538122484153","true"
"optdigits.tes:1333","test","0.9764932167256595","0.9950801864133196","true"
"optdigits.tes:1334","test","0.9918961412045718","0.9991173735367667","true"
"optdigits.tes:1335","test","0.9834256709064683","0.9980472727498976","true"
"optdigits.tes:1336","test","0.9963503982906893","0.9997313149990651","true"
"optdigits.tes:1337","test","0.9988473119186017","0.9999511517039391","true"
"optdigits.tes:1338","test","0.9342066506836807","0.9814940610314574","true"
"optdigits.tes:1339","test","0.8388936260818037","0.9349953778391841","true"
"optdigits.tes:1340","test","0.9962401252398687","0.9997072993510195","true"
"optdigits.tes:1341","test","0.9847392222459114","0.997774538137477","true"
"optdigits.tes:1342","test","0.907089497239447","0.9719459893526025","true"
"optdigits.tes:1343","test","0.9963705633681686","0.9997120498621959","true"
"optdigits.tes:1344","test","0.957684019495362","0.9900304791978697","true"
"optdigits.tes:1345","test","0.6467150939050397","0.7216484365199162","true"
"optdigits.tes:1346","test","0.9836777676670733","0.9977996098314748","true"
"optdigits.tes:1347","test","0.9753734140326716","0.9957988268922809","true"
"optdigits.tes:1348","test","0.9203837250423348","0.9735202823352956","true"
"optdigits.tes:1349","test","0.9677032351678969","0.9932683456524454","true"
"optdigits.tes:1350","test","0.9383706783211426","0.9806612442500129","true"
"optdigits.tes:1351","test","0.9516665279199158","0.9872460019555781","true"
"optdigits.tes:1352","test","0.9720644170074929","0.9943056898808376","true"
"optdigits.tes:1353","test","0.962920598130704","0.9918727274040514","true"
"optdigits.tes:1354","test","0.9544698187946928","0.9907862602064842","true"
"optdigits.tes:1355","test","0.9900103954435477","0.9988593043397719","true"
"optdigits.tes:1356","test","0.9981891804835937","0.9998634789505185","true"
"optdigits.tes:1357","test","0.9415342169513518","0.986716484193309","true"
"optdigits.tes:1358","test","0.9679041324504599","0.994107537374728","true"
"optdigits.tes:1359","test","0.9672484546435787","0.9938651954852481","true"
"optdigits.tes:1360","test","0.9749723224456724","0.9960329174726511","true"
"optdigits.tes:1361","test","0.9833756795528428","0.9976560954680352","true"
"optdigits.tes:1362","test","0.7130682252504513","0.8074731581463526","false"
"optdigits.tes:1363","test","0.9867349996574167","0.9974648496904907","true"
"optdigits.tes:1364","test","0.8700143504502978","0.9367666261629451","true"
"optdigits.tes:1365","test","0.7814786498281863","0.886984604567014","true"
"optdigits.tes:1366","test","0.9946590597734779","0.9995687047089351","true"
"optdigits.tes:1367","test","0.888695246642238","0.9601981584500533","true"
"optdigits.tes:1368","test","0.9810538909524512","0.9966540969892345","true"
"optdigits.tes:1369","test","0.991722053109759","0.9989303547474683","true"
"optdigits.tes:1370","test","0.9506623681242807","0.9883555640652489","true"
"optdigits.tes:1371","test","0.9947815048702824","0.9995450078230321","true"
"optdigits.tes:1372","test","0.9937904539523768","0.9994529288832602","true"
"optdigits.tes:1373","test","0.9441692804810977","0.9847571300933675","true"
"optdigits.tes:1374","test","0.9967886662982911","0.9997754922206784","true"
"optdigits.tes:1375","test","0.9868023577903732","0.9975078198443501","true"
"optdigits.tes:1376","test","0.9445822532903254","0.9854080560333677","true"
"optdigits.tes:1377","test","0.9931995095962627","0.9993865632937616","true"
"optdigits.tes:1378","test","0.9384069303111646","0.9853952918467676","true"
"optdigits.tes:1379","test","0.9976500160153926","0.999841688736605","true"
"optdigits.tes:1380","test","0.895805095193882","0.9661760293971118","true"
"optdigits.tes:1381","test","0.9953784070419026","0.9996688480300764","true"
"optdigits.tes:1382","test","0.9635621992753647","0.9930438235389034","true"
"optdigits.tes:1383","test","0.9213367074574932","0.9758126446893931","true"
"optdigits.tes:1384","test","0.9559140851937461","0.992386873423818","true"
"optdigits.tes:1385","test","0.927260241287159","0.9764703015574123","true"
"optdigits.tes:1386","test","0.9396575422906838","0.9835207486940388","true"
"optdigits.tes:1387","test","0.9575588367258754","0.9917003790585863","true"
"optdigits.tes:1388","test","0.9961661908484578","0.9996990485789176","true"
"optdigits.tes:1389","test","0.9946526891551262","0.9994808985934114","true"
"optdigits.tes:1390","test","0.9220655430995595","0.98252438928779","true"
"optdigits.tes:1391","test","0.9933355992615295","0.9991763983538589","true"
"optdigits.tes:1392","test","0.9042472455713986","0.969916275875891","true"
"optdigits.tes:1393","test","0.9685551158003852","0.9948114136148176","true"
"optdigits.tes:1394","test","0.9462156970345463","0.9882273991669125","true"
"optdigits.tes:1395","test","0.9070033491830279","0.9771920885729235","true"
"optdigits.tes:1396","test","0.9953506338652701","0.9996642465978637","true"
"optdigits.tes:1397","test","0.9972917542079555","0.9998438369471735","true"
"optdigits.tes:1398","test","0.9276491721367741","0.9723137921438827","true"
"optdigits.tes:1399","test","0.8927913048017365","0.9509040158351435","true"
"optdigits.tes:1400","test","0.9650320750397301","0.9929076481172324","true"
"optdigits.tes:1401","test","0.9600435367258098","0.9910436986656711","true"
"optdigits.tes:1402","test","0.8781100681845009","0.9571205288979489","true"
"optdigits.tes:1403","test","0.9952233177150249","0.9995266009920307","true"
"optdigits.tes:1404","test","0.9889767490223111","0.9987003978798187","true"
"optdigits.tes:1405","test","0.9939795192825254","0.999396886223618","true"
"optdigits.tes:1406","test","0.9057639212049463","0.9679641716298734","true"
"optdigits.tes:1407","test","0.7108832845281291","0.8387943839177309","true"
"optdigits.tes:1408","test","0.9913519809574393","0.9990253749780937","true"
"optdigits.tes:1409","test","0.9277332782820756","0.9728735066024806","true"
"optdigits.tes:1410","test","0.9504022073738458","0.9845858719984523","true"
"optdigits.tes:1411","test","0.9896811995378735","0.998952655674159","true"
"optdigits.tes:1412","test","0.9942671969707806","0.9992807756380158","true"
"optdigits.tes:1413","test","0.4764345937626611","0.5862480855424779","true"
"optdigits.tes:1414","test","0.9717499121234422","0.9942330517995149","true"
"optdigits.tes:1415","test","0.9833639477675123","0.9980843152252915","true"
"optdigits.tes:1416","test","0.965317149814891","0.9936290697543786","true"
"optdigits.tes:1417","test","0.8371879629214501","0.9224759676135722","true"
"optdigits.tes:1418","test","0.9940480890668034","0.9995132196699928","true"
"optdigits.tes:1419","test","0.9786663512794873","0.9961224294235776","true"
"optdigits.tes:1420","test","0.9962541248855188","0.9996928518441959","true"
"optdigits.tes:1421","test","0.995753235680053","0.9995955384406308","true"
"optdigits.tes:1422","test","0.9906436381512551","0.999024644296286","true"
"optdigits.tes:1423","test","0.9161974908460834","0.9784111813487694","true"
"optdigits.tes:1424","test","0.44492506350796457","0.47313748776936554","false"
"optdigits.tes:1425","test","0.9293768159731198","0.981325357240856","true"
"optdigits.tes:1426","test","0.9897435365212287","0.9985968875291296","true"
"optdigits.tes:1427","test","0.824343766643949","0.9030082077712229","true"
"optdigits.tes:1428","test","0.9345140153928841","0.9853901150049652","true"
"optdigits.tes:1429","test","0.9937672019519862","0.999354002598179","true"
"optdigits.tes:1430","test","0.9946211198170628","0.9993202999448482","true"
"optdigits.tes:1431","test","0.9887440255221358","0.998438832786595","true"
"optdigits.tes:1432","test","0.988331823895377","0.9985929610865208","true"
"optdigits.tes:1433","test","0.7110616295454092","0.8222088991666308","true"
"optdigits.tes:1434","test","0.5784083062546396","0.6766028172749378","true"
"optdigits.tes:1435","test","0.9590404007714417","0.9915112475289065","true"
"optdigits.tes:1436","test","0.9510651110079391","0.9885553987765674","true"
"optdigits.tes:1437","test","0.9886158370470731","0.9984476653077535","true"
"optdigits.tes:1438","test","0.9975254053393994","0.99980277070754","true"
"optdigits.tes:1439","test","0.9970939414601175","0.9998116109690677","true"
"optdigits.tes:1440","test","0.9981328677634068","0.999896389373244","true"
"optdigits.tes:1441","test","0.6274341479411694","0.7196313900173936","true"
"optdigits.tes:1442","test","0.9949927964488424","0.9995637149113158","true"
"optdigits.tes:1443","test","0.9107520394103596","0.9715136366018332","true"
"optdigits.tes:1444","test","0.5545154752762896","0.6741490692113223","true"
"optdigits.tes:1445","test","0.9347003557261516","0.9835025586447123","true"
"optdigits.tes:1446","test","0.9898647742425571","0.9986566040028118","true"
"optdigits.tes:1447","test","0.8170868891718991","0.9068055279733345","true"
"optdigits.tes:1448","test","0.9838726753736547","0.997216711265774","true"
"optdigits.tes:1449","test","0.9863909513754735","0.9976331330182531","true"
"optdigits.tes:1450","test","0.9951924071950894","0.9996225213840665","true"
"optdigits.tes:1451","test","0.9944910055205212","0.999482116656763","true"
"optdigits.tes:1452","test","0.9962405799411461","0.9996972130645289","true"
"optdigits.tes:1453","test","0.9311611167599925","0.9833851405218392","true"
"optdigits.tes:1454","test","0.8942830980872556","0.9566470869569623","true"
"optdigits.tes:1455","test","0.7623922842161326","0.8886055634859318","true"
"optdigits.tes:1456","test","0.832212669942783","0.9170411304116728","true"
"optdigits.tes:1457","test","0.9985576980617069","0.9999215698819334","true"
"optdigits.tes:1458","test","0.6585016810200954","0.7391250228695566","true"
"optdigits.tes:1459","test","0.9587206019438301","0.9901240708406611","true"
"optdigits.tes:1460","test","0.5481300451285422","0.6987147407083035","true"
"optdigits.tes:1461","test","0.997155932823265","0.9998039378225166","true"
"optdigits.tes:1462","test","0.9837800918985352","0.9972957547565295","true"
"optdigits.tes:1463","test","0.5363971501774677","0.5902081849022185","true"
"optdigits.tes:1464","test","0.9971933011924318","0.999803823395561","true"
"optdigits.tes:1465","test","0.9884548394611931","0.9983411120697042","true"
"optdigits.tes:1466","test","0.9401409695185865","0.9781404723225436","true"
"optdigits.tes:1467","test","0.9885896873015214","0.998341476035203","true"
"optdigits.tes:1468","test","0.936301810078894","0.9822972106888687","true"
"optdigits.tes:1469","test","0.4332781165335681","0.5331099296194473","false"
"optdigits.tes:1470","test","0.9739532116114973","0.9938403402706021","true"
"optdigits.tes:1471","test","0.9982134974233466","0.9998981054084262","true"
"optdigits.tes:1472","test","0.603228397149083","0.675510062668908","false"
"optdigits.tes:1473","test","0.8292135392050495","0.9060514135445916","true"
"optdigits.tes:1474","test","0.9639132627319511","0.9908498799941319","true"
"optdigits.tes:1475","test","0.9933823830326136","0.9992268377261018","true"
"optdigits.tes:1476","test","0.9812444882523157","0.9960197943520747","true"
"optdigits.tes:1477","test","0.9921519964679582","0.9992538404969186","true"
"optdigits.tes:1478","test","0.9942431035868085","0.9993935629101119","true"
"optdigits.tes:1479","test","0.9958837927746124","0.9996518201747099","true"
"optdigits.tes:1480","test","0.994902842204314","0.9993939852438939","true"
"optdigits.tes:1481","test","0.9983699803383145","0.9999106506918619","true"
"optdigits.tes:1482","test","0.9756085054043434","0.9957508666656046","true"
"optdigits.tes:1483","test","0.9983747387372767","0.9999037259217375","true"
"optdigits.tes:1484","test","0.998522427137803","0.9999151931399003","true"
"optdigits.tes:1485","test","0.913208458986709","0.9749025864583004","true"
"optdigits.tes:1486","test","0.744232792745605","0.8462407404691135","false"
"optdigits.tes:1487","test","0.9699003973629764","0.9945757205729464","true"
"optdigits.tes:1488","test","0.998225011130967","0.9998952807096378","true"
"optdigits.tes:1489","test","0.8279750661032257","0.9243934355177397","true"
"optdigits.tes:1490","test","0.948171792280304","0.9867109350534923","true"
"optdigits.tes:1491","test","0.9976393637798698","0.999825373232938","true"
"optdigits.tes:1492","test","0.5530890903665897","0.6961911272779894","false"
"optdigits.tes:1493","test","0.9871730463667666","0.9976072607807162","true"
"optdigits.tes:1494","test","0.996356910509473","0.9996933186159036","true"
"optdigits.tes:1495","test","0.9960403175014064","0.9997005967463356","true"
"optdigits.tes:1496","test","0.88600168088079","0.965433448614559","false"
"optdigits.tes:1497","test","0.6474031808669786","0.7133268521082141","true"
"optdigits.tes:1498","test","0.9706101645801127","0.9943905659861176","true"
"optdigits.tes:1499","test","0.9952492226056366","0.9996105296174269","true"
"optdigits.tes:1500","test","0.9960453472794129","0.9997084162606897","true"
"optdigits.tes:1501","test","0.6064747048652537","0.705344734409413","false"
"optdigits.tes:1502","test","0.9346280344382154","0.9855541354318005","true"
"optdigits.tes:1503","test","0.9983216331233064","0.9998922275329339","true"
"optdigits.tes:1504","test","0.9969287119811516","0.9997724155575604","true"
"optdigits.tes:1505","test","0.9991863267012588","0.9999623744561532","true"
"optdigits.tes:1506","test","0.9894622168613119","0.9986721150084376","true"
"optdigits.tes:1507","test","0.9726548997041297","0.9947569660555641","true"
"optdigits.tes:1508","test","0.9373256735371815","0.9860647160973063","true"
"optdigits.tes:1509","test","0.7633044461675591","0.8481481938929502","true"
"optdigits.tes:1510","test","0.9101731849505692","0.9692082983287803","true"
"optdigits.tes:1511","test","0.9974425966162557","0.9998318464733612","true"
"optdigits.tes:1512","test","0.7528501681319985","0.8689636933752045","false"
"optdigits.tes:1513","test","0.9981267399910841","0.9999014540999044","true"
"optdigits.tes:1514","test","0.9564406399122934","0.9901945581003047","true"
"optdigits.tes:1515","test","0.6889981161670622","0.8237490427806206","false"
"optdigits.tes:1516","test","0.9950072895726428","0.9995666724961701","true"
"optdigits.tes:1517","test","0.9900281813917071","0.9988281491972768","true"
"optdigits.tes:1518","test","0.9906818226682795","0.998716155258152","true"
"optdigits.tes:1519","test","0.9969936147540237","0.9998058774355718","true"
"optdigits.tes:1520","test","0.9976856219713511","0.9998405477750852","true"
"optdigits.tes:1521","test","0.8754349759025941","0.9527053849289174","true"
"optdigits.tes:1522","test","0.9979668444355083","0.9998659134901101","true"
"optdigits.tes:1523","test","0.8487172942413377","0.9339994983792034","false"
"optdigits.tes:1524","test","0.48051270519405187","0.5635735415571828","false"
"optdigits.tes:1525","test","0.9909346815117631","0.9987654718839539","true"
"optdigits.tes:1526","test","0.9988188323240389","0.9999316563076156","true"
"optdigits.tes:1527","test","0.9952122980836868","0.9995944339136081","true"
"optdigits.tes:1528","test","0.9649250101653354","0.992625389112373","true"
"optdigits.tes:1529","test","0.9931196015675207","0.9989600662532636","true"
"optdigits.tes:1530","test","0.5696045941507433","0.7118610817571641","false"
"optdigits.tes:1531","test","0.9790729846671714","0.995325703412414","true"
"optdigits.tes:1532","test","0.9637018348436922","0.992170730185983","true"
"optdigits.tes:1533","test","0.9643718949206775","0.9917399151153496","true"
"optdigits.tes:1534","test","0.7583467059643467","0.8745437336143685","true"
"optdigits.tes:1535","test","0.8877496654242967","0.9639819685956287","true"
"optdigits.tes:1536","test","0.9831432788725801","0.9968771864555747","true"
"optdigits.tes:1537","test","0.9952146836379474","0.9994728106391857","true"
"optdigits.tes:1538","test","0.5624459071590323","0.7275842619538522","true"
"optdigits.tes:1539","test","0.7705362927497961","0.9023972216441745","true"
"optdigits.tes:1540","test","0.994018670654508","0.9993169824930336","true"
"optdigits.tes:1541","test","0.9523180427974903","0.9901379156624835","true"
"optdigits.tes:1542","test","0.9950584706175448","0.9995625399354904","true"
"optdigits.tes:1543","test","0.4139239536028211","0.5219592048799577","false"
"optdigits.tes:1544","test","0.838802416032128","0.9422709974740845","true"
"optdigits.tes:1545","test","0.8366067201222601","0.921172872776547","true"
"optdigits.tes:1546","test","0.9979157372748901","0.999879018035535","true"
"optdigits.tes:1547","test","0.9862187468276258","0.9978845910925829","true"
"optdigits.tes:1548","test","0.9912726564400742","0.9990335798596502","true"
"optdigits.tes:1549","test","0.9629402205564108","0.9933895042340669","true"
"optdigits.tes:1550","test","0.9961185973555744","0.9997249988024677","true"
"optdigits.tes:1551","test","0.9921585698681992","0.9992828234760862","true"
"optdigits.tes:1552","test","0.8956153641480213","0.963343249519662","false"
"optdigits.tes:1553","test","0.45813121360368125","0.5500328188703016","false"
"optdigits.tes:1554","test","0.822012502816675","0.9301298163805722","false"
"optdigits.tes:1555","test","0.8598998520703937","0.9470191119597694","true"
"optdigits.tes:1556","test","0.9740272769178946","0.9955108385269259","true"
"optdigits.tes:1557","test","0.8722746483571286","0.944255132403376","true"
"optdigits.tes:1558","test","0.9004684715255996","0.9757609374277231","true"
"optdigits.tes:1559","test","0.8302026220249176","0.9225653770132871","true"
"optdigits.tes:1560","test","0.9676570458548039","0.9937121629875604","true"
"optdigits.tes:1561","test","0.9918109915080274","0.9992861562880284","true"
"optdigits.tes:1562","test","0.7766413982145768","0.8864099066591828","true"
"optdigits.tes:1563","test","0.9539762294075144","0.9894618342474175","true"
"optdigits.tes:1564","test","0.9945093943337481","0.9995804423503963","true"
"optdigits.tes:1565","test","0.7119260418791092","0.8295398732564138","true"
"optdigits.tes:1566","test","0.8518113512016146","0.9546509506082346","true"
"optdigits.tes:1567","test","0.9871597246070462","0.9982176324913886","true"
"optdigits.tes:1568","test","0.9829340965627521","0.9977455095061992","true"
"optdigits.tes:1569","test","0.9944963603420731","0.9995634988395011","true"
"optdigits.tes:1570","test","0.4685299431790518","0.5266061852890911","true"
"optdigits.tes:1571","test","0.7161478021325655","0.8425076188970738","true"
"optdigits.tes:1572","test","0.7388437023761926","0.861623616594716","false"
"optdigits.tes:1573","test","0.8562605890649313","0.9456586623382321","true"
"optdigits.tes:1574","test","0.5357613261060099","0.6154212270477176","false"
"optdigits.tes:1575","test","0.9919603874317329","0.9992563526094179","true"
"optdigits.tes:1576","test","0.9451162563015482","0.9846455551721005","true"
"optdigits.tes:1577","test","0.9953981312723702","0.9995527859040731","true"
"optdigits.tes:1578","test","0.9454527743066814","0.9843464532170313","true"
"optdigits.tes:1579","test","0.9940517693492761","0.9995241559426007","true"
"optdigits.tes:1580","test","0.9868389485714454","0.9983763098669257","true"
"optdigits.tes:1581","test","0.4677281247160553","0.5590960899575338","true"
"optdigits.tes:1582","test","0.8307210397105642","0.9409834201433295","true"
"optdigits.tes:1583","test","0.36404221811578313","0.4038092089436347","false"
"optdigits.tes:1584","test","0.83149726274846","0.9277083090266552","true"
"optdigits.tes:1585","test","0.9906038172378189","0.998803210969637","true"
"optdigits.tes:1586","test","0.981118575621268","0.9976040005407762","true"
"optdigits.tes:1587","test","0.9991021515579015","0.9999641464727924","true"
"optdigits.tes:1588","test","0.9908778246129133","0.99906022422563","true"
"optdigits.tes:1589","test","0.9573889147717084","0.9927119707233936","true"
"optdigits.tes:1590","test","0.9848620601743735","0.998020197205731","true"
"optdigits.tes:1591","test","0.9384217195463919","0.9849451462149088","true"
"optdigits.tes:1592","test","0.7187123948872141","0.8586880170318817","true"
"optdigits.tes:1593","test","0.9401895841253619","0.9861442944098716","true"
"optdigits.tes:1594","test","0.943002549354986","0.9817589005824066","true"
"optdigits.tes:1595","test","0.9988445454593364","0.999918493660999","true"
"optdigits.tes:1596","test","0.7570507053080101","0.8462317532260676","false"
"optdigits.tes:1597","test","0.993973404764709","0.99930989796337","true"
"optdigits.tes:1598","test","0.9710733425543373","0.9956099932495155","true"
"optdigits.tes:1599","test","0.9409603125508483","0.9824958079472028","true"
"optdigits.tes:1600","test","0.9555539072189244","0.9891364426217896","true"
"optdigits.tes:1601","test","0.9213591146318484","0.9757478757254135","true"
"optdigits.tes:1602","test","0.8486801766526036","0.934915637198962","true"
"optdigits.tes:1603","test","0.49627020639463915","0.6294413176420762","true"
"optdigits.tes:1604","test","0.6087901996153038","0.7154309338708811","false"
"optdigits.tes:1605","test","0.9966068687987318","0.9997785127233304","true"
"optdigits.tes:1606","test","0.4835456548410407","0.5719630047620673","true"
"optdigits.tes:1607","test","0.774012918889985","0.8724861388183123","true"
"optdigits.tes:1608","test","0.9931659937131163","0.9994138006972911","true"
"optdigits.tes:1609","test","0.9401980103639413","0.9801691673830205","true"
"optdigits.tes:1610","test","0.7989075276725324","0.8931478539950003","true"
"optdigits.tes:1611","test","0.9491076152292195","0.9866050336517098","true"
"optdigits.tes:1612","test","0.440103286305707","0.5349830733287688","false"
"optdigits.tes:1613","test","0.8453232679125744","0.935387806531522","true"
"optdigits.tes:1614","test","0.98647400436798","0.9981982131821013","true"
"optdigits.tes:1615","test","0.9984327571733641","0.9999192207356821","true"
"optdigits.tes:1616","test","0.8744185559621058","0.9565543388692662","true"
"optdigits.tes:1617","test","0.9093513203894509","0.9731424718228691","true"
"optdigits.tes:1618","test","0.6328908741111194","0.7724839985554964","true"
"optdigits.tes:1619","test","0.7044599783695705","0.7861682825955113","true"
"optdigits.tes:1620","test","0.9563658044783866","0.9900568407864107","true"
"optdigits.tes:1621","test","0.9977603639688344","0.9998671272795924","true"
"optdigits.tes:1622","test","0.980273345422693","0.9972974017048667","true"
"optdigits.tes:1623","test","0.9965121553229438","0.9997519696236957","true"
"optdigits.tes:1624","test","0.823836848779674","0.9165195240672663","true"
"optdigits.tes:1625","test","0.9867405470293531","0.998030214424241","true"
"optdigits.tes:1626","test","0.9992011806287667","0.9999653023356888","true"
"optdigits.tes:1627","test","0.8996456837472167","0.9716527713717719","true"
"optdigits.tes:1628","test","0.9689088204646049","0.9926641226718433","true"
"optdigits.tes:1629","test","0.5309892905358742","0.6351816091465663","false"
"optdigits.tes:1630","test","0.899208723504818","0.9619903928446762","true"
"optdigits.tes:1631","test","0.9738625185498129","0.9951857465989993","true"
"optdigits.tes:1632","test","0.990018595873811","0.9987333139860624","true"
"optdigits.tes:1633","test","0.4632501977244785","0.5011727472568751","true"
"optdigits.tes:1634","test","0.7758054071793479","0.9065466481062282","true"
"optdigits.tes:1635","test","0.991662532360952","0.9991445243114088","true"
"optdigits.tes:1636","test","0.9523469781740402","0.9880900386161288","true"
"optdigits.tes:1637","test","0.9146053493649243","0.9644802456357249","true"
"optdigits.tes:1638","test","0.9623272897221656","0.9929812459043111","true"
"optdigits.tes:1639","test","0.9959153969200248","0.9996071986994046","true"
"optdigits.tes:1640","test","0.9886062462433216","0.9986201201817944","true"
"optdigits.tes:1641","test","0.9749794472304434","0.9960843864942351","true"
"optdigits.tes:1642","test","0.9955717859627896","0.9995546520314861","true"
"optdigits.tes:1643","test","0.9935792261602537","0.9993906586663456","true"
"optdigits.tes:1644","test","0.9765408374286445","0.9963817330603857","true"
"optdigits.tes:1645","test","0.988702800793311","0.998534271702328","true"
"optdigits.tes:1646","test","0.7343299429279845","0.851683816515897","true"
"optdigits.tes:1647","test","0.7326740340993037","0.8292356690702966","true"
"optdigits.tes:1648","test","0.6833006968031705","0.8128405029195791","true"
"optdigits.tes:1649","test","0.9763414426407736","0.996604343885068","true"
"optdigits.tes:1650","test","0.9780089691696745","0.9968874694249148","true"
"optdigits.tes:1651","test","0.9931269226402739","0.9993457637855317","true"
"optdigits.tes:1652","test","0.9869957900835573","0.9984402729658021","true"
"optdigits.tes:1653","test","0.9369589662760929","0.9841444994586385","true"
"optdigits.tes:1654","test","0.9838617396402871","0.9978896750175463","true"
"optdigits.tes:1655","test","0.7574759899115107","0.8794713807460321","true"
"optdigits.tes:1656","test","0.9889927161056326","0.9987437148227174","true"
"optdigits.tes:1657","test","0.9804287574902445","0.9971657798614469","true"
"optdigits.tes:1658","test","0.995568403445665","0.9996528599842767","true"
"optdigits.tes:1659","test","0.42491818543982474","0.49931428540203177","false"
"optdigits.tes:1660","test","0.9690628845653347","0.9942638158268778","true"
"optdigits.tes:1661","test","0.8189316337078962","0.9220127795966919","false"
"optdigits.tes:1662","test","0.9905358634846303","0.9989175065278606","true"
"optdigits.tes:1663","test","0.9612779110781956","0.9926250696051253","false"
"optdigits.tes:1664","test","0.9916452267419884","0.9991628781173636","true"
"optdigits.tes:1665","test","0.9356470712609122","0.9841978159604546","true"
"optdigits.tes:1666","test","0.45576161685741096","0.5486896770192404","true"
"optdigits.tes:1667","test","0.6197473481960515","0.7183789667582641","true"
"optdigits.tes:1668","test","0.9893725249412132","0.998762219645986","true"
"optdigits.tes:1669","test","0.9076463702926227","0.9669785806631438","true"
"optdigits.tes:1670","test","0.9986501237939637","0.9999129115692978","true"
"optdigits.tes:1671","test","0.6090100943231133","0.6610637764377254","true"
"optdigits.tes:1672","test","0.9865693578084607","0.9981486604488088","true"
"optdigits.tes:1673","test","0.9854334436953134","0.9980405648694433","true"
"optdigits.tes:1674","test","0.9847431590461305","0.9976885233580213","true"
"optdigits.tes:1675","test","0.9983767940729805","0.9998920421424253","true"
"optdigits.tes:1676","test","0.6266305918715527","0.7033791271211385","true"
"optdigits.tes:1677","test","0.9819998306499795","0.9971553297994903","true"
"optdigits.tes:1678","test","0.9967587628280502","0.999764579967353","true"
"optdigits.tes:1679","test","0.950299732813634","0.9850247130329879","true"
"optdigits.tes:1680","test","0.8891682803441753","0.9626104254657953","true"
"optdigits.tes:1681","test","0.874144371295854","0.956333570880253","true"
"optdigits.tes:1682","test","0.9946895011512776","0.9994193221134451","true"
"optdigits.tes:1683","test","0.9905582413202647","0.999051803008324","true"
"optdigits.tes:1684","test","0.987601591493485","0.9985390015524754","true"
"optdigits.tes:1685","test","0.9948229000547731","0.9995024083846483","true"
"optdigits.tes:1686","test","0.9829706071830286","0.9973516557299795","true"
"optdigits.tes:1687","test","0.9684207722252046","0.9932977810228146","true"
"optdigits.tes:1688","test","0.9976446037570579","0.9998564827878662","true"
"optdigits.tes:1689","test","0.9153248715928392","0.9742913002181152","true"
"optdigits.tes:1690","test","0.9951647206484864","0.9995987595885159","true"
"optdigits.tes:1691","test","0.8184615285582346","0.9307313801192731","false"
"optdigits.tes:1692","test","0.9955018061593446","0.9995787041911662","true"
"optdigits.tes:1693","test","0.8752551841962035","0.9611276384023285","true"
"optdigits.tes:1694","test","0.9765957717494759","0.9956227815768459","true"
"optdigits.tes:1695","test","0.99838532048964","0.9999074120704705","true"
"optdigits.tes:1696","test","0.8661955660946226","0.9520056519865546","true"
"optdigits.tes:1697","test","0.8863781247461137","0.9606231946516337","true"
"optdigits.tes:1698","test","0.9959780149678651","0.9997070540422333","true"
"optdigits.tes:1699","test","0.9804161245384735","0.9973975685853618","true"
"optdigits.tes:1700","test","0.9873731274880739","0.9985417305232999","true"
"optdigits.tes:1701","test","0.9802216023469457","0.9965694741937641","true"
"optdigits.tes:1702","test","0.9866452389321518","0.9978142254359775","true"
"optdigits.tes:1703","test","0.9548488740812309","0.9914063649613952","true"
"optdigits.tes:1704","test","0.9965479725162143","0.9997378759478649","true"
"optdigits.tes:1705","test","0.966072820768149","0.9930382032321277","true"
"optdigits.tes:1706","test","0.9937838501628613","0.9994283367323686","true"
"optdigits.tes:1707","test","0.9569367238480073","0.9888227685418186","true"
"optdigits.tes:1708","test","0.9867549039187091","0.9981992500154001","true"
"optdigits.tes:1709","test","0.9983895854550334","0.9998984832903188","true"
"optdigits.tes:1710","test","0.965218716535414","0.9908975899786199","true"
"optdigits.tes:1711","test","0.9930708327160785","0.9993966553214935","true"
"optdigits.tes:1712","test","0.9780113415012548","0.996453560325971","true"
"optdigits.tes:1713","test","0.44184012555333685","0.5205048483495651","true"
"optdigits.tes:1714","test","0.9939725245930588","0.9995073861317009","true"
"optdigits.tes:1715","test","0.9338475310204553","0.975755921530232","true"
"optdigits.tes:1716","test","0.9985001589012843","0.9999236780133799","true"
"optdigits.tes:1717","test","0.9946063590718777","0.9995394351004905","true"
"optdigits.tes:1718","test","0.9800387791411939","0.9968775998291447","true"
"optdigits.tes:1719","test","0.9964918989176962","0.9997189319191111","true"
"optdigits.tes:1720","test","0.9993816438267721","0.9999791326456332","true"
"optdigits.tes:1721","test","0.9871749514993651","0.9981504761251561","true"
"optdigits.tes:1722","test","0.9985352767924944","0.9999252701315929","true"
"optdigits.tes:1723","test","0.9962654878129028","0.9997027938887714","true"
"optdigits.tes:1724","test","0.838376160261563","0.9254756223700885","true"
"optdigits.tes:1725","test","0.9732992722200398","0.9954644885628091","true"
"optdigits.tes:1726","test","0.9771079519854399","0.9962439919869872","true"
"optdigits.tes:1727","test","0.7914553286352897","0.8819619205246816","true"
"optdigits.tes:1728","test","0.37347944810198","0.421190282338443","false"
"optdigits.tes:1729","test","0.9052940211601098","0.9716698798655341","true"
"optdigits.tes:1730","test","0.635380656255755","0.7493774482035933","false"
"optdigits.tes:1731","test","0.7500209596809712","0.8458042812608834","true"
"optdigits.tes:1732","test","0.9984130760813703","0.9999095822539094","true"
"optdigits.tes:1733","test","0.8810209831358894","0.9613825749631174","true"
"optdigits.tes:1734","test","0.9870133573670927","0.9981378486370366","true"
"optdigits.tes:1735","test","0.9520490685233995","0.9883735712830147","true"
"optdigits.tes:1736","test","0.9996675973113042","0.9999897613519215","true"
"optdigits.tes:1737","test","0.9266428402725434","0.9817537318371459","true"
"optdigits.tes:1738","test","0.7580626693431984","0.8420198960360402","true"
"optdigits.tes:1739","test","0.8403390143655135","0.931084652960717","true"
"optdigits.tes:1740","test","0.9981933332152484","0.9999091457488898","true"
"optdigits.tes:1741","test","0.9462007550854743","0.9845628336414134","true"
"optdigits.tes:1742","test","0.7714988799777512","0.9024182905896098","true"
"optdigits.tes:1743","test","0.8068303247312577","0.8939372851132129","true"
"optdigits.tes:1744","test","0.9509534109446822","0.9899020062575781","true"
"optdigits.tes:1745","test","0.9791149536642914","0.995608033462674","true"
"optdigits.tes:1746","test","0.9982786334163064","0.9999044625091095","true"
"optdigits.tes:1747","test","0.9931874991217589","0.9991684058315474","true"
"optdigits.tes:1748","test","0.7941490869705057","0.8866146315555","true"
"optdigits.tes:1749","test","0.8794700412799489","0.9406542613969114","true"
"optdigits.tes:1750","test","0.9848879892295286","0.9977966896845407","true"
"optdigits.tes:1751","test","0.9884269992613373","0.998659997615476","true"
"optdigits.tes:1752","test","0.9963938648076532","0.999673534656585","true"
"optdigits.tes:1753","test","0.9723964426771049","0.9953401789613986","true"
"optdigits.tes:1754","test","0.9282747899264434","0.9760450238138242","true"
"optdigits.tes:1755","test","0.9995277836051552","0.9999827308979021","true"
"optdigits.tes:1756","test","0.9667640187378569","0.9936004694883392","true"
"optdigits.tes:1757","test","0.9961131288147635","0.9996972589840166","true"
"optdigits.tes:1758","test","0.7846548175139791","0.8659520459068432","true"
"optdigits.tes:1759","test","0.9953911578312674","0.9996354855975422","true"
"optdigits.tes:1760","test","0.9581485727581592","0.991894515999646","true"
"optdigits.tes:1761","test","0.9774724590904154","0.9960404176484703","true"
"optdigits.tes:1762","test","0.9989943710761557","0.9999607263048325","true"
"optdigits.tes:1763","test","0.9793610664191791","0.9966473340329717","true"
"optdigits.tes:1764","test","0.9792940338485927","0.9967195071608196","true"
"optdigits.tes:1765","test","0.9972666295953457","0.999743847509411","true"
"optdigits.tes:1766","test","0.965635821468367","0.992617675366654","false"
"optdigits.tes:1767","test","0.7926997884964029","0.8741288161389891","true"
"optdigits.tes:1768","test","0.9970030549081862","0.9997543679411645","true"
"optdigits.tes:1769","test","0.9637323666973188","0.9928043533289133","true"
"optdigits.tes:1770","test","0.9761159057772776","0.9960491104727239","true"
"optdigits.tes:1771","test","0.9960972975988782","0.9997017441027105","true"
"optdigits.tes:1772","test","0.8566444538782952","0.9409375712008966","true"
"optdigits.tes:1773","test","0.8369482660249812","0.9291574896183876","true"
"optdigits.tes:1774","test","0.9928908516937898","0.9991833513854564","true"
"optdigits.tes:1775","test","0.8094076737344038","0.8884842291655242","true"
"optdigits.tes:1776","test","0.9930000665137876","0.9993004924543064","true"
"optdigits.tes:1777","test","0.9533025649899746","0.9889969410362518","true"
"optdigits.tes:1778","test","0.9988832653123162","0.999949356602519","true"
"optdigits.tes:1779","test","0.9989571237541016","0.9999405551804242","true"
"optdigits.tes:1780","test","0.9718784338460096","0.9936629497356877","true"
"optdigits.tes:1781","test","0.9935028245099827","0.9991032958192095","true"
"optdigits.tes:1782","test","0.7680832076050965","0.892444287244545","true"
"optdigits.tes:1783","test","0.9883873711241924","0.9984666021070248","true"
"optdigits.tes:1784","test","0.9602979942972646","0.9896721222234787","true"
"optdigits.tes:1785","test","0.9542920865495332","0.9901084393645104","true"
"optdigits.tes:1786","test","0.9948723016801653","0.9994121337809992","true"
"optdigits.tes:1787","test","0.9611642686913172","0.9903758813023475","true"
"optdigits.tes:1788","test","0.9245611326376695","0.9772666972282325","true"
"optdigits.tes:1789","test","0.9984160470827987","0.9999071811498388","true"
"optdigits.tes:1790","test","0.8446473084623363","0.9233583505266115","true"
"optdigits.tes:1791","test","0.6710090700519077","0.7748547633953933","false"
"optdigits.tes:1792","test","0.9981217524175616","0.9998776975333857","true"
"optdigits.tes:1793","test","0.9798975923617205","0.9971290424071324","true"
"optdigits.tes:1794","test","0.9987052108977944","0.9999431129493214","true"
"optdigits.tes:1795","test","0.9665629509386701","0.9921726015296494","true"
"optdigits.tes:1796","test","0.9774939926233616","0.9963997999431411","true"
"optdigits.tes:1797","test","0.9711458191306095","0.995896115263189","true"